,State,Year,beer,wine,spirits,all_bevs
0,Alabama,2016,1.09,0.26,0.65,2.01
1,Alabama,2015,1.11,0.26,0.64,2.01
2,Alabama,2014,1.13,0.25,0.62,2.0
3,Alabama,2013,1.14,0.25,0.6,1.99
4,Alabama,2012,1.16,0.24,0.6,2.0
5,Alabama,2011,1.16,0.24,0.59,1.98
6,Alabama,2010,1.17,0.23,0.58,1.98
7,Alabama,2009,1.19,0.22,0.57,1.98
8,Alabama,2008,1.22,0.22,0.57,2.01
9,Alabama,2007,1.23,0.22,0.55,2.0
10,Alabama,2006,1.21,0.21,0.54,1.95
11,Alabama,2005,1.18,0.2,0.53,1.91
12,Alabama,2004,1.19,0.2,0.52,1.91
13,Alabama,2003,1.19,0.19,0.52,1.9
14,Alabama,2002,1.18,0.21,0.54,1.92
15,Alabama,2001,1.16,0.17,0.53,1.86
16,Alabama,2000,1.19,0.18,0.51,1.88
17,Alabama,1999,1.18,0.17,0.51,1.87
18,Alabama,1998,1.16,0.17,0.51,1.85
19,Alabama,1997,1.14,0.16,0.52,1.82
20,Alabama,1996,1.17,0.18,0.53,1.88
21,Alabama,1995,1.14,0.16,0.53,1.82
22,Alabama,1994,1.16,0.17,0.54,1.87
23,Alabama,1993,1.14,0.17,0.56,1.86
24,Alabama,1992,1.02,0.19,0.59,1.79
25,Alabama,1991,1.0,0.17,0.59,1.76
26,Alabama,1990,1.12,0.18,0.61,1.92
27,Alabama,1989,1.12,0.17,0.61,1.9
28,Alabama,1988,1.12,0.19,0.62,1.92
29,Alabama,1987,1.11,0.18,0.62,1.91
30,Alabama,1986,1.1,0.18,0.65,1.92
31,Alabama,1985,1.07,0.17,0.67,1.92
32,Alabama,1984,1.03,0.19,0.69,1.91
33,Alabama,1983,1.01,0.17,0.72,1.9
34,Alabama,1982,1.0,0.18,0.72,1.9
35,Alabama,1981,1.0,0.19,0.73,1.91
36,Alabama,1980,0.95,0.16,0.74,1.86
37,Alabama,1979,0.96,0.12,0.82,1.9
38,Alabama,1978,0.95,0.12,0.85,1.92
39,Alabama,1977,0.97,0.12,0.82,1.92
40,Alaska,2016,1.15,0.56,1.23,2.94
41,Alaska,2015,1.11,0.53,1.2,2.84
42,Alaska,2014,1.11,0.52,1.16,2.79
43,Alaska,2013,1.07,0.52,1.17,2.75
44,Alaska,2012,1.17,0.53,1.13,2.83
45,Alaska,2011,1.15,0.54,1.17,2.86
46,Alaska,2010,1.23,0.55,1.25,3.03
47,Alaska,2009,1.32,0.54,1.16,3.02
48,Alaska,2008,1.2,0.49,1.09,2.78
49,Alaska,2007,1.13,0.44,0.96,2.53
50,Alaska,2006,1.25,0.47,1.03,2.75
51,Alaska,2005,1.23,0.43,0.98,2.64
52,Alaska,2004,1.31,0.44,0.95,2.71
53,Alaska,2003,1.27,0.37,0.79,2.43
54,Alaska,2002,1.35,0.45,1.19,2.99
55,Alaska,2001,1.32,0.38,0.96,2.67
56,Alaska,2000,1.37,0.37,0.94,2.68
57,Alaska,1999,1.4,0.38,0.95,2.74
58,Alaska,1998,1.39,0.37,0.95,2.71
59,Alaska,1997,1.31,0.36,0.88,2.56
60,Alaska,1996,1.31,0.38,0.94,2.63
61,Alaska,1995,1.45,0.39,1.02,2.86
62,Alaska,1994,1.53,0.4,1.1,3.03
63,Alaska,1993,1.31,0.32,0.92,2.55
64,Alaska,1992,1.53,0.41,1.08,3.02
65,Alaska,1991,1.54,0.43,1.14,3.11
66,Alaska,1990,1.62,0.46,1.25,3.33
67,Alaska,1989,1.52,0.44,1.19,3.15
68,Alaska,1988,1.54,0.47,1.19,3.21
69,Alaska,1987,1.6,0.52,1.26,3.38
70,Alaska,1986,1.65,0.55,1.25,3.45
71,Alaska,1985,1.63,0.56,1.48,3.68
72,Alaska,1984,1.67,0.56,1.5,3.72
73,Alaska,1983,1.71,0.59,1.65,3.95
74,Alaska,1982,1.69,0.54,1.68,3.92
75,Alaska,1981,1.68,0.56,1.79,4.02
76,Alaska,1980,1.54,0.5,1.68,3.72
77,Alaska,1979,1.48,0.46,1.63,3.58
78,Alaska,1978,1.39,0.45,1.67,3.51
79,Alaska,1977,1.19,0.42,1.69,3.3
80,Arizona,2016,1.14,0.4,0.78,2.31
81,Arizona,2015,1.16,0.4,0.78,2.34
82,Arizona,2014,1.18,0.4,0.79,2.37
83,Arizona,2013,1.13,0.42,0.81,2.36
84,Arizona,2012,1.14,0.45,0.84,2.43
85,Arizona,2011,1.15,0.44,0.8,2.39
86,Arizona,2010,1.23,0.41,0.76,2.39
87,Arizona,2009,1.22,0.39,0.77,2.38
88,Arizona,2008,1.3,0.41,0.77,2.48
89,Arizona,2007,1.39,0.34,0.78,2.51
90,Arizona,2006,1.34,0.38,0.79,2.51
91,Arizona,2005,1.35,0.4,0.76,2.51
92,Arizona,2004,1.4,0.34,0.71,2.44
93,Arizona,2003,1.41,0.37,0.71,2.49
94,Arizona,2002,1.46,0.33,0.69,2.48
95,Arizona,2001,1.47,0.33,0.7,2.5
96,Arizona,2000,1.48,0.31,0.71,2.5
97,Arizona,1999,1.47,0.34,0.69,2.51
98,Arizona,1998,1.44,0.33,0.68,2.45
99,Arizona,1997,1.45,0.31,0.68,2.44
100,Arizona,1996,1.52,0.33,0.73,2.58
101,Arizona,1995,1.47,0.29,0.68,2.44
102,Arizona,1994,1.52,0.29,0.7,2.5
103,Arizona,1993,1.58,0.27,0.76,2.62
104,Arizona,1992,1.58,0.31,0.8,2.69
105,Arizona,1991,1.58,0.35,0.78,2.71
106,Arizona,1990,1.59,0.37,0.8,2.77
107,Arizona,1989,1.63,0.35,0.83,2.81
108,Arizona,1988,1.6,0.41,0.86,2.87
109,Arizona,1987,1.64,0.45,0.84,2.93
110,Arizona,1986,1.74,0.45,0.9,3.09
111,Arizona,1985,1.66,0.45,0.99,3.11
112,Arizona,1984,1.55,0.44,1.05,3.04
113,Arizona,1983,1.6,0.43,0.99,3.02
114,Arizona,1982,1.71,0.39,0.98,3.07
115,Arizona,1981,1.76,0.42,1.0,3.18
116,Arizona,1980,1.68,0.36,0.97,3.01
117,Arizona,1979,1.71,0.36,1.07,3.15
118,Arizona,1978,1.66,0.35,1.03,3.04
119,Arizona,1977,1.6,0.32,0.99,2.92
120,Arkansas,2016,0.93,0.22,0.65,1.8
121,Arkansas,2015,0.97,0.22,0.65,1.83
122,Arkansas,2014,0.96,0.21,0.62,1.79
123,Arkansas,2013,1.0,0.2,0.6,1.81
124,Arkansas,2012,1.0,0.2,0.6,1.81
125,Arkansas,2011,0.98,0.18,0.56,1.72
126,Arkansas,2010,1.02,0.19,0.57,1.77
127,Arkansas,2009,1.03,0.17,0.57,1.78
128,Arkansas,2008,1.05,0.17,0.55,1.77
129,Arkansas,2007,1.02,0.15,0.51,1.69
130,Arkansas,2006,1.05,0.16,0.54,1.75
131,Arkansas,2005,1.03,0.15,0.5,1.67
132,Arkansas,2004,1.04,0.15,0.49,1.68
133,Arkansas,2003,1.06,0.14,0.56,1.77
134,Arkansas,2002,1.09,0.14,0.53,1.75
135,Arkansas,2001,1.08,0.13,0.53,1.74
136,Arkansas,2000,1.09,0.12,0.53,1.74
137,Arkansas,1999,1.09,0.12,0.54,1.75
138,Arkansas,1998,1.1,0.11,0.51,1.73
139,Arkansas,1997,1.07,0.12,0.52,1.71
140,Arkansas,1996,1.07,0.12,0.53,1.72
141,Arkansas,1995,1.06,0.11,0.51,1.68
142,Arkansas,1994,1.06,0.13,0.46,1.65
143,Arkansas,1993,1.1,0.11,0.58,1.79
144,Arkansas,1992,1.13,0.12,0.65,1.9
145,Arkansas,1991,1.12,0.11,0.58,1.81
146,Arkansas,1990,1.12,0.13,0.61,1.86
147,Arkansas,1989,1.1,0.13,0.58,1.82
148,Arkansas,1988,1.09,0.14,0.54,1.78
149,Arkansas,1987,1.09,0.11,0.53,1.74
150,Arkansas,1986,1.08,0.09,0.49,1.65
151,Arkansas,1985,1.04,0.13,0.59,1.77
152,Arkansas,1984,1.03,0.12,0.64,1.8
153,Arkansas,1983,1.03,0.13,0.63,1.79
154,Arkansas,1982,1.03,0.12,0.63,1.78
155,Arkansas,1981,1.06,0.12,0.68,1.86
156,Arkansas,1980,1.0,0.12,0.68,1.81
157,Arkansas,1979,0.9,0.09,0.55,1.54
158,Arkansas,1978,0.95,0.11,0.71,1.76
159,Arkansas,1977,0.89,0.1,0.61,1.61
160,California,2016,0.96,0.59,0.78,2.33
161,California,2015,0.99,0.53,0.75,2.28
162,California,2014,1.0,0.6,0.73,2.32
163,California,2013,0.98,0.6,0.75,2.33
164,California,2012,0.98,0.63,0.74,2.35
165,California,2011,0.95,0.58,0.72,2.25
166,California,2010,0.97,0.49,0.71,2.16
167,California,2009,1.01,0.57,0.7,2.28
168,California,2008,1.05,0.55,0.7,2.3
169,California,2007,1.06,0.54,0.7,2.3
170,California,2006,1.02,0.56,0.7,2.29
171,California,2005,1.03,0.54,0.69,2.26
172,California,2004,1.07,0.52,0.67,2.25
173,California,2003,1.07,0.51,0.65,2.23
174,California,2002,1.08,0.49,0.64,2.21
175,California,2001,1.09,0.48,0.63,2.2
176,California,2000,1.12,0.48,0.64,2.24
177,California,1999,1.12,0.48,0.62,2.22
178,California,1998,1.11,0.49,0.61,2.21
179,California,1997,1.14,0.52,0.62,2.28
180,California,1996,1.13,0.5,0.64,2.27
181,California,1995,1.15,0.46,0.63,2.24
182,California,1994,1.09,0.47,0.68,2.24
183,California,1993,1.17,0.48,0.69,2.35
184,California,1992,1.28,0.51,0.75,2.54
185,California,1991,1.22,0.49,0.75,2.46
186,California,1990,1.32,0.59,0.87,2.78
187,California,1989,1.29,0.6,0.85,2.75
188,California,1988,1.32,0.67,0.88,2.86
189,California,1987,1.35,0.73,0.92,3.0
190,California,1986,1.35,0.78,0.95,3.08
191,California,1985,1.32,0.78,1.02,3.11
192,California,1984,1.37,0.73,1.06,3.16
193,California,1983,1.36,0.74,1.1,3.21
194,California,1982,1.37,0.72,1.13,3.22
195,California,1981,1.43,0.72,1.2,3.35
196,California,1980,1.41,0.71,1.24,3.36
197,California,1979,1.39,0.68,1.25,3.32
198,California,1978,1.33,0.67,1.29,3.28
199,California,1977,1.29,0.65,1.25,3.19
200,Colorado,2016,1.14,0.51,1.16,2.81
201,Colorado,2015,1.12,0.51,1.14,2.77
202,Colorado,2014,1.14,0.51,1.11,2.77
203,Colorado,2013,1.2,0.5,1.11,2.81
204,Colorado,2012,1.15,0.52,1.08,2.76
205,Colorado,2011,1.2,0.49,1.04,2.73
206,Colorado,2010,1.22,0.48,1.01,2.71
207,Colorado,2009,1.23,0.46,1.01,2.7
208,Colorado,2008,1.28,0.47,1.02,2.77
209,Colorado,2007,1.3,0.47,1.01,2.78
210,Colorado,2006,1.29,0.45,0.98,2.72
211,Colorado,2005,1.31,0.42,0.99,2.72
212,Colorado,2004,1.3,0.43,0.95,2.68
213,Colorado,2003,1.33,0.4,0.87,2.6
214,Colorado,2002,1.35,0.39,0.9,2.64
215,Colorado,2001,1.42,0.41,0.96,2.78
216,Colorado,2000,1.35,0.37,0.89,2.6
217,Colorado,1999,1.33,0.37,0.75,2.45
218,Colorado,1998,1.33,0.37,0.83,2.53
219,Colorado,1997,1.3,0.37,0.81,2.48
220,Colorado,1996,1.36,0.37,0.84,2.57
221,Colorado,1995,1.34,0.35,0.78,2.47
222,Colorado,1994,1.36,0.35,0.84,2.55
223,Colorado,1993,1.4,0.36,0.86,2.63
224,Colorado,1992,1.34,0.36,0.81,2.52
225,Colorado,1991,1.39,0.35,0.87,2.61
226,Colorado,1990,1.35,0.29,0.75,2.39
227,Colorado,1989,1.42,0.38,0.85,2.64
228,Colorado,1988,1.44,0.4,0.92,2.76
229,Colorado,1987,1.45,0.45,0.94,2.84
230,Colorado,1986,1.49,0.47,0.95,2.9
231,Colorado,1985,1.48,0.5,1.18,3.17
232,Colorado,1984,1.51,0.46,1.12,3.1
233,Colorado,1983,1.57,0.46,1.12,3.15
234,Colorado,1982,1.63,0.46,1.17,3.26
235,Colorado,1981,1.62,0.44,1.26,3.32
236,Colorado,1980,1.56,0.46,1.31,3.33
237,Colorado,1979,1.63,0.46,1.33,3.42
238,Colorado,1978,1.6,0.46,1.39,3.46
239,Colorado,1977,1.4,0.36,1.19,2.95
240,Connecticut,2016,0.85,0.62,0.98,2.45
241,Connecticut,2015,0.85,0.61,0.95,2.41
242,Connecticut,2014,0.84,0.6,0.92,2.37
243,Connecticut,2013,0.85,0.61,0.91,2.37
244,Connecticut,2012,0.86,0.61,0.91,2.39
245,Connecticut,2011,0.86,0.62,0.88,2.35
246,Connecticut,2010,0.88,0.6,0.87,2.35
247,Connecticut,2009,0.88,0.59,0.85,2.31
248,Connecticut,2008,0.93,0.58,0.85,2.36
249,Connecticut,2007,0.92,0.57,0.84,2.33
250,Connecticut,2006,0.93,0.56,0.81,2.3
251,Connecticut,2005,0.9,0.54,0.79,2.23
252,Connecticut,2004,0.93,0.53,0.79,2.25
253,Connecticut,2003,0.93,0.52,0.78,2.23
254,Connecticut,2002,0.95,0.5,0.75,2.21
255,Connecticut,2001,0.95,0.5,0.74,2.19
256,Connecticut,2000,0.94,0.49,0.74,2.18
257,Connecticut,1999,0.94,0.49,0.75,2.18
258,Connecticut,1998,0.96,0.49,0.76,2.21
259,Connecticut,1997,0.95,0.48,0.74,2.17
260,Connecticut,1996,0.91,0.46,0.72,2.09
261,Connecticut,1995,0.96,0.46,0.78,2.2
262,Connecticut,1994,0.99,0.43,0.78,2.2
263,Connecticut,1993,0.96,0.44,0.8,2.2
264,Connecticut,1992,1.01,0.45,0.83,2.3
265,Connecticut,1991,1.03,0.43,0.84,2.29
266,Connecticut,1990,1.09,0.45,0.92,2.46
267,Connecticut,1989,1.07,0.46,0.96,2.5
268,Connecticut,1988,1.12,0.5,1.05,2.67
269,Connecticut,1987,1.14,0.51,1.1,2.75
270,Connecticut,1986,1.11,0.51,1.14,2.76
271,Connecticut,1985,1.12,0.5,1.19,2.81
272,Connecticut,1984,1.1,0.49,1.19,2.78
273,Connecticut,1983,1.1,0.49,1.22,2.8
274,Connecticut,1982,1.04,0.49,1.21,2.74
275,Connecticut,1981,1.05,0.44,1.18,2.67
276,Connecticut,1980,1.06,0.43,1.2,2.69
277,Connecticut,1979,1.14,0.4,1.21,2.76
278,Connecticut,1978,1.09,0.38,1.21,2.69
279,Connecticut,1977,1.06,0.35,1.23,2.64
280,Delaware,2016,1.2,0.73,1.79,3.72
281,Delaware,2015,1.18,0.72,1.74,3.65
282,Delaware,2014,1.21,0.72,1.66,3.59
283,Delaware,2013,1.25,0.72,1.63,3.59
284,Delaware,2012,1.32,0.69,1.58,3.59
285,Delaware,2011,1.34,0.69,1.52,3.55
286,Delaware,2010,1.36,0.66,1.36,3.38
287,Delaware,2009,1.32,0.65,1.34,3.31
288,Delaware,2008,1.35,0.57,1.23,3.15
289,Delaware,2007,1.38,0.59,1.23,3.19
290,Delaware,2006,1.41,0.59,1.26,3.26
291,Delaware,2005,1.42,0.58,1.24,3.25
292,Delaware,2004,1.42,0.57,1.28,3.27
293,Delaware,2003,1.38,0.57,1.18,3.12
294,Delaware,2002,1.39,0.52,1.1,3.01
295,Delaware,2001,1.39,0.49,1.07,2.94
296,Delaware,2000,1.36,0.48,1.05,2.89
297,Delaware,1999,1.4,0.48,1.03,2.9
298,Delaware,1998,1.41,0.47,1.03,2.91
299,Delaware,1997,1.37,0.46,0.99,2.81
300,Delaware,1996,1.39,0.45,0.94,2.78
301,Delaware,1995,1.3,0.4,0.92,2.62
302,Delaware,1994,1.43,0.38,0.95,2.76
303,Delaware,1993,1.46,0.35,0.95,2.76
304,Delaware,1992,1.4,0.36,0.97,2.73
305,Delaware,1991,1.4,0.35,0.95,2.7
306,Delaware,1990,1.44,0.37,1.14,2.95
307,Delaware,1989,1.43,0.39,1.15,2.96
308,Delaware,1988,1.46,0.41,1.21,3.08
309,Delaware,1987,1.46,0.43,1.23,3.12
310,Delaware,1986,1.46,0.45,1.25,3.16
311,Delaware,1985,1.48,0.41,1.31,3.2
312,Delaware,1984,1.52,0.39,1.29,3.2
313,Delaware,1983,1.55,0.35,1.35,3.25
314,Delaware,1982,1.54,0.34,1.38,3.26
315,Delaware,1981,1.52,0.33,1.4,3.24
316,Delaware,1980,1.44,0.29,1.37,3.11
317,Delaware,1979,1.35,0.26,1.31,2.92
318,Delaware,1978,1.31,0.24,1.3,2.85
319,Delaware,1977,1.3,0.23,1.33,2.86
320,District of Columbia,2016,1.13,1.03,1.69,3.85
321,District of Columbia,2015,1.15,1.02,1.68,3.85
322,District of Columbia,2014,1.16,1.01,1.68,3.84
323,District of Columbia,2013,1.17,1.01,1.66,3.84
324,District of Columbia,2012,1.18,1.01,1.65,3.85
325,District of Columbia,2011,1.19,1.01,1.62,3.82
326,District of Columbia,2010,1.22,1.0,1.61,3.83
327,District of Columbia,2009,1.26,1.0,1.62,3.88
328,District of Columbia,2008,1.35,1.01,1.64,4.0
329,District of Columbia,2007,1.37,1.0,1.63,4.0
330,District of Columbia,2006,1.38,0.96,1.6,3.94
331,District of Columbia,2005,1.4,0.93,1.56,3.9
332,District of Columbia,2004,1.38,0.91,1.52,3.8
333,District of Columbia,2003,1.38,0.88,1.51,3.76
334,District of Columbia,2002,1.36,0.83,1.47,3.66
335,District of Columbia,2001,1.36,0.79,1.46,3.61
336,District of Columbia,2000,1.39,0.81,1.45,3.65
337,District of Columbia,1999,1.38,0.78,1.36,3.52
338,District of Columbia,1998,1.37,0.78,1.57,3.73
339,District of Columbia,1997,1.42,0.8,1.61,3.83
340,District of Columbia,1996,1.34,0.87,1.47,3.67
341,District of Columbia,1995,1.49,0.77,1.52,3.79
342,District of Columbia,1994,1.5,0.74,1.52,3.76
343,District of Columbia,1993,1.51,0.73,1.54,3.78
344,District of Columbia,1992,1.61,0.7,1.74,4.05
345,District of Columbia,1991,1.42,0.61,1.85,3.89
346,District of Columbia,1990,1.42,0.76,1.96,4.14
347,District of Columbia,1989,1.39,0.82,1.72,3.92
348,District of Columbia,1988,1.38,0.93,1.9,4.22
349,District of Columbia,1987,1.41,0.95,2.26,4.62
350,District of Columbia,1986,1.45,1.0,2.09,4.54
351,District of Columbia,1985,1.44,1.0,2.35,4.8
352,District of Columbia,1984,1.51,1.07,2.59,5.17
353,District of Columbia,1983,1.51,1.05,2.71,5.27
354,District of Columbia,1982,1.46,0.99,2.88,5.33
355,District of Columbia,1981,1.48,1.05,2.89,5.42
356,District of Columbia,1980,1.49,0.99,2.94,5.41
357,District of Columbia,1979,1.42,0.96,2.92,5.3
358,District of Columbia,1978,1.38,0.91,3.04,5.33
359,District of Columbia,1977,1.35,0.86,3.16,5.37
360,Florida,2016,1.09,0.53,1.03,2.65
361,Florida,2015,1.11,0.51,0.98,2.6
362,Florida,2014,1.09,0.51,0.98,2.59
363,Florida,2013,1.28,0.49,0.95,2.72
364,Florida,2012,1.26,0.51,0.95,2.72
365,Florida,2011,1.13,0.49,0.93,2.54
366,Florida,2010,1.12,0.47,0.91,2.5
367,Florida,2009,1.19,0.48,0.91,2.58
368,Florida,2008,1.24,0.48,0.89,2.61
369,Florida,2007,1.28,0.48,0.92,2.68
370,Florida,2006,1.32,0.47,0.91,2.7
371,Florida,2005,1.33,0.46,0.91,2.7
372,Florida,2004,1.34,0.46,0.88,2.68
373,Florida,2003,1.31,0.44,0.86,2.61
374,Florida,2002,1.32,0.43,0.84,2.58
375,Florida,2001,1.32,0.4,0.82,2.54
376,Florida,2000,1.32,0.41,0.83,2.56
377,Florida,1999,1.33,0.4,0.8,2.53
378,Florida,1998,1.33,0.38,0.79,2.5
379,Florida,1997,1.36,0.37,0.8,2.53
380,Florida,1996,1.36,0.37,0.81,2.54
381,Florida,1995,1.34,0.35,0.82,2.5
382,Florida,1994,1.4,0.33,0.87,2.6
383,Florida,1993,1.44,0.33,0.92,2.68
384,Florida,1992,1.45,0.34,0.96,2.75
385,Florida,1991,1.43,0.34,0.92,2.69
386,Florida,1990,1.54,0.39,1.04,2.96
387,Florida,1989,1.51,0.39,1.0,2.89
388,Florida,1988,1.5,0.41,1.0,2.91
389,Florida,1987,1.5,0.42,1.03,2.95
390,Florida,1986,1.5,0.41,1.05,2.96
391,Florida,1985,1.47,0.41,1.16,3.04
392,Florida,1984,1.46,0.4,1.23,3.09
393,Florida,1983,1.55,0.39,1.22,3.16
394,Florida,1982,1.54,0.4,1.32,3.26
395,Florida,1981,1.54,0.39,1.37,3.3
396,Florida,1980,1.4,0.37,1.41,3.18
397,Florida,1979,1.38,0.34,1.41,3.14
398,Florida,1978,1.34,0.32,1.4,3.07
399,Florida,1977,1.27,0.31,1.4,2.99
400,Georgia,2016,0.99,0.25,0.69,1.94
401,Georgia,2015,1.01,0.25,0.68,1.94
402,Georgia,2014,1.02,0.25,0.69,1.96
403,Georgia,2013,1.03,0.25,0.69,1.97
404,Georgia,2012,1.05,0.25,0.68,1.98
405,Georgia,2011,1.06,0.25,0.67,1.98
406,Georgia,2010,1.08,0.25,0.65,1.98
407,Georgia,2009,1.11,0.25,0.65,2.01
408,Georgia,2008,1.16,0.25,0.65,2.06
409,Georgia,2007,1.19,0.26,0.65,2.1
410,Georgia,2006,1.19,0.26,0.65,2.1
411,Georgia,2005,1.17,0.26,0.64,2.07
412,Georgia,2004,1.19,0.27,0.65,2.11
413,Georgia,2003,1.2,0.26,0.66,2.13
414,Georgia,2002,1.21,0.26,0.66,2.13
415,Georgia,2001,1.2,0.25,0.65,2.11
416,Georgia,2000,1.21,0.25,0.69,2.16
417,Georgia,1999,1.23,0.25,0.7,2.18
418,Georgia,1998,1.22,0.23,0.7,2.15
419,Georgia,1997,1.2,0.23,0.7,2.13
420,Georgia,1996,1.24,0.24,0.71,2.18
421,Georgia,1995,1.21,0.21,0.7,2.12
422,Georgia,1994,1.17,0.21,0.77,2.14
423,Georgia,1993,1.23,0.2,0.77,2.2
424,Georgia,1992,1.22,0.21,0.79,2.23
425,Georgia,1991,1.16,0.22,0.78,2.17
426,Georgia,1990,1.22,0.23,0.86,2.31
427,Georgia,1989,1.18,0.24,0.94,2.36
428,Georgia,1988,1.21,0.26,0.92,2.39
429,Georgia,1987,1.21,0.27,1.0,2.48
430,Georgia,1986,1.21,0.27,0.94,2.43
431,Georgia,1985,1.17,0.25,1.01,2.44
432,Georgia,1984,1.18,0.24,1.06,2.48
433,Georgia,1983,1.14,0.22,1.06,2.42
434,Georgia,1982,1.12,0.21,1.04,2.36
435,Georgia,1981,1.1,0.18,1.09,2.38
436,Georgia,1980,1.06,0.19,1.08,2.33
437,Georgia,1979,1.11,0.18,1.16,2.44
438,Georgia,1978,1.09,0.18,1.21,2.48
439,Georgia,1977,1.03,0.15,1.19,2.37
440,Hawaii,2016,1.29,0.57,0.77,2.63
441,Hawaii,2015,1.28,0.56,0.77,2.6
442,Hawaii,2014,1.27,0.54,0.77,2.59
443,Hawaii,2013,1.25,0.54,0.77,2.56
444,Hawaii,2012,1.26,0.53,0.75,2.54
445,Hawaii,2011,1.25,0.53,0.73,2.52
446,Hawaii,2010,1.25,0.52,0.71,2.48
447,Hawaii,2009,1.27,0.51,0.71,2.49
448,Hawaii,2008,1.33,0.51,0.72,2.56
449,Hawaii,2007,1.3,0.48,0.77,2.55
450,Hawaii,2006,1.28,0.47,0.77,2.52
451,Hawaii,2005,1.3,0.45,0.72,2.47
452,Hawaii,2004,1.38,0.43,0.7,2.5
453,Hawaii,2003,1.3,0.42,0.66,2.38
454,Hawaii,2002,1.27,0.39,0.62,2.28
455,Hawaii,2001,1.3,0.38,0.6,2.28
456,Hawaii,2000,1.33,0.39,0.6,2.32
457,Hawaii,1999,1.31,0.39,0.56,2.26
458,Hawaii,1998,1.32,0.37,0.54,2.22
459,Hawaii,1997,1.38,0.4,0.56,2.33
460,Hawaii,1996,1.4,0.36,0.58,2.34
461,Hawaii,1995,1.41,0.34,0.57,2.32
462,Hawaii,1994,1.46,0.38,0.62,2.46
463,Hawaii,1993,1.49,0.37,0.65,2.51
464,Hawaii,1992,1.55,0.39,0.69,2.63
465,Hawaii,1991,1.57,0.4,0.7,2.67
466,Hawaii,1990,1.64,0.4,0.79,2.84
467,Hawaii,1989,1.56,0.43,0.8,2.79
468,Hawaii,1988,1.64,0.45,0.8,2.89
469,Hawaii,1987,1.59,0.41,0.77,2.76
470,Hawaii,1986,1.61,0.44,0.86,2.91
471,Hawaii,1985,1.61,0.42,0.88,2.91
472,Hawaii,1984,1.66,0.41,0.92,2.99
473,Hawaii,1983,1.89,0.44,1.13,3.45
474,Hawaii,1982,1.8,0.48,1.14,3.41
475,Hawaii,1981,1.74,0.44,1.16,3.34
476,Hawaii,1980,1.64,0.46,1.2,3.3
477,Hawaii,1979,1.51,0.42,1.21,3.14
478,Hawaii,1978,1.33,0.44,1.25,3.02
479,Hawaii,1977,1.55,0.35,1.21,3.11
480,Idaho,2016,0.92,1.19,0.81,2.92
481,Idaho,2015,0.93,1.14,0.79,2.87
482,Idaho,2014,0.93,1.12,0.77,2.82
483,Idaho,2013,0.96,1.08,0.77,2.81
484,Idaho,2012,0.98,1.02,0.77,2.77
485,Idaho,2011,1.0,0.92,0.73,2.65
486,Idaho,2010,1.06,0.9,0.72,2.68
487,Idaho,2009,1.05,0.91,0.7,2.67
488,Idaho,2008,1.15,0.81,0.69,2.64
489,Idaho,2007,1.17,0.73,0.67,2.58
490,Idaho,2006,1.14,0.74,0.65,2.53
491,Idaho,2005,1.11,0.74,0.61,2.45
492,Idaho,2004,1.14,0.72,0.57,2.43
493,Idaho,2003,1.15,0.65,0.55,2.35
494,Idaho,2002,1.16,0.64,0.53,2.33
495,Idaho,2001,1.14,0.63,0.53,2.3
496,Idaho,2000,1.13,0.65,0.52,2.3
497,Idaho,1999,1.09,0.68,0.52,2.29
498,Idaho,1998,1.15,0.33,0.51,1.99
499,Idaho,1997,1.11,0.32,0.52,1.95
500,Idaho,1996,1.13,0.3,0.52,1.96
501,Idaho,1995,1.18,0.3,0.54,2.01
502,Idaho,1994,1.24,0.35,0.53,2.12
503,Idaho,1993,1.26,0.29,0.55,2.11
504,Idaho,1992,1.32,0.31,0.57,2.2
505,Idaho,1991,1.31,0.32,0.56,2.19
506,Idaho,1990,1.36,0.33,0.58,2.27
507,Idaho,1989,1.27,0.31,0.57,2.16
508,Idaho,1988,1.28,0.37,0.59,2.24
509,Idaho,1987,1.33,0.39,0.59,2.31
510,Idaho,1986,1.36,0.39,0.62,2.37
511,Idaho,1985,1.36,0.36,0.71,2.43
512,Idaho,1984,1.41,0.31,0.72,2.45
513,Idaho,1983,1.45,0.3,0.77,2.52
514,Idaho,1982,1.45,0.3,0.81,2.57
515,Idaho,1981,1.54,0.33,0.83,2.69
516,Idaho,1980,1.53,0.3,0.77,2.59
517,Idaho,1979,1.51,0.27,0.82,2.6
518,Idaho,1978,1.46,0.25,0.78,2.5
519,Idaho,1977,1.47,0.22,0.78,2.47
520,Illinois,2016,1.12,0.43,0.77,2.32
521,Illinois,2015,1.13,0.43,0.8,2.36
522,Illinois,2014,1.12,0.42,0.78,2.32
523,Illinois,2013,1.13,0.42,0.78,2.33
524,Illinois,2012,1.15,0.43,0.77,2.36
525,Illinois,2011,1.19,0.41,0.75,2.35
526,Illinois,2010,1.22,0.4,0.74,2.35
527,Illinois,2009,1.24,0.39,0.73,2.36
528,Illinois,2008,1.23,0.38,0.74,2.34
529,Illinois,2007,1.24,0.41,0.74,2.38
530,Illinois,2006,1.24,0.37,0.74,2.35
531,Illinois,2005,1.23,0.34,0.71,2.29
532,Illinois,2004,1.24,0.32,0.67,2.22
533,Illinois,2003,1.26,0.35,0.74,2.36
534,Illinois,2002,1.28,0.33,0.65,2.26
535,Illinois,2001,1.27,0.32,0.68,2.28
536,Illinois,2000,1.28,0.32,0.63,2.24
537,Illinois,1999,1.29,0.33,0.66,2.27
538,Illinois,1998,1.27,0.34,0.64,2.25
539,Illinois,1997,1.26,0.35,0.65,2.26
540,Illinois,1996,1.27,0.35,0.68,2.3
541,Illinois,1995,1.3,0.33,0.66,2.29
542,Illinois,1994,1.32,0.34,0.69,2.35
543,Illinois,1993,1.32,0.34,0.72,2.38
544,Illinois,1992,1.34,0.35,0.74,2.43
545,Illinois,1991,1.38,0.34,0.76,2.48
546,Illinois,1990,1.43,0.36,0.82,2.62
547,Illinois,1989,1.42,0.36,0.85,2.63
548,Illinois,1988,1.45,0.38,0.87,2.7
549,Illinois,1987,1.43,0.39,0.88,2.71
550,Illinois,1986,1.42,0.39,0.91,2.72
551,Illinois,1985,1.39,0.38,0.99,2.76
552,Illinois,1984,1.41,0.37,1.02,2.8
553,Illinois,1983,1.43,0.35,1.03,2.82
554,Illinois,1982,1.42,0.35,1.07,2.84
555,Illinois,1981,1.44,0.35,1.12,2.91
556,Illinois,1980,1.42,0.33,1.23,2.99
557,Illinois,1979,1.42,0.32,1.15,2.89
558,Illinois,1978,1.35,0.31,1.17,2.83
559,Illinois,1977,1.32,0.3,1.2,2.82
560,Indiana,2016,0.98,0.29,0.89,2.17
561,Indiana,2015,0.98,0.28,0.88,2.14
562,Indiana,2014,0.98,0.27,0.8,2.05
563,Indiana,2013,1.0,0.28,0.81,2.09
564,Indiana,2012,1.02,0.28,0.79,2.08
565,Indiana,2011,1.02,0.27,0.73,2.02
566,Indiana,2010,1.03,0.26,0.74,2.03
567,Indiana,2009,1.08,0.25,0.72,2.05
568,Indiana,2008,1.1,0.24,0.73,2.08
569,Indiana,2007,1.13,0.24,0.72,2.09
570,Indiana,2006,1.09,0.25,0.66,2.0
571,Indiana,2005,1.11,0.22,0.68,2.01
572,Indiana,2004,1.14,0.22,0.65,2.01
573,Indiana,2003,1.11,0.21,0.64,1.96
574,Indiana,2002,1.13,0.2,0.6,1.93
575,Indiana,2001,1.15,0.19,0.62,1.96
576,Indiana,2000,1.16,0.2,0.61,1.98
577,Indiana,1999,1.16,0.19,0.59,1.94
578,Indiana,1998,1.14,0.19,0.58,1.91
579,Indiana,1997,1.09,0.18,0.59,1.85
580,Indiana,1996,1.09,0.2,0.57,1.86
581,Indiana,1995,1.14,0.2,0.58,1.92
582,Indiana,1994,1.15,0.2,0.59,1.94
583,Indiana,1993,1.15,0.19,0.64,1.98
584,Indiana,1992,1.16,0.2,0.58,1.95
585,Indiana,1991,1.22,0.19,0.6,2.0
586,Indiana,1990,1.26,0.2,0.63,2.09
587,Indiana,1989,1.23,0.2,0.64,2.07
588,Indiana,1988,1.25,0.21,0.67,2.13
589,Indiana,1987,1.26,0.23,0.67,2.16
590,Indiana,1986,1.26,0.23,0.67,2.17
591,Indiana,1985,1.26,0.22,0.73,2.2
592,Indiana,1984,1.27,0.21,0.73,2.21
593,Indiana,1983,1.28,0.19,0.73,2.2
594,Indiana,1982,1.29,0.19,0.76,2.24
595,Indiana,1981,1.29,0.18,0.78,2.24
596,Indiana,1980,1.26,0.17,0.77,2.21
597,Indiana,1979,1.21,0.15,0.78,2.15
598,Indiana,1978,1.18,0.15,0.78,2.12
599,Indiana,1977,1.13,0.14,0.77,2.03
600,Iowa,2016,1.3,0.23,0.87,2.4
601,Iowa,2015,1.31,0.22,0.83,2.36
602,Iowa,2014,1.34,0.21,0.81,2.37
603,Iowa,2013,1.33,0.22,0.79,2.34
604,Iowa,2012,1.36,0.23,0.81,2.4
605,Iowa,2011,1.38,0.21,0.78,2.37
606,Iowa,2010,1.39,0.18,0.73,2.3
607,Iowa,2009,1.42,0.18,0.72,2.31
608,Iowa,2008,1.43,0.17,0.7,2.3
609,Iowa,2007,1.41,0.17,0.67,2.25
610,Iowa,2006,1.39,0.16,0.65,2.2
611,Iowa,2005,1.4,0.16,0.61,2.16
612,Iowa,2004,1.39,0.16,0.57,2.12
613,Iowa,2003,1.38,0.15,0.54,2.07
614,Iowa,2002,1.38,0.14,0.51,2.04
615,Iowa,2001,1.36,0.13,0.5,1.99
616,Iowa,2000,1.35,0.13,0.5,1.98
617,Iowa,1999,1.34,0.13,0.48,1.95
618,Iowa,1998,1.31,0.12,0.46,1.9
619,Iowa,1997,1.28,0.12,0.45,1.85
620,Iowa,1996,1.28,0.12,0.45,1.85
621,Iowa,1995,1.26,0.11,0.44,1.8
622,Iowa,1994,1.3,0.1,0.44,1.84
623,Iowa,1993,1.28,0.11,0.48,1.87
624,Iowa,1992,1.31,0.13,0.46,1.9
625,Iowa,1991,1.32,0.16,0.52,2.01
626,Iowa,1990,1.34,0.18,0.54,2.06
627,Iowa,1989,1.3,0.19,0.52,2.01
628,Iowa,1988,1.32,0.2,0.53,2.06
629,Iowa,1987,1.34,0.22,0.59,2.14
630,Iowa,1986,1.35,0.2,0.54,2.09
631,Iowa,1985,1.33,0.14,0.58,2.06
632,Iowa,1984,1.39,0.12,0.62,2.13
633,Iowa,1983,1.4,0.13,0.65,2.18
634,Iowa,1982,1.4,0.13,0.65,2.19
635,Iowa,1981,1.44,0.13,0.69,2.26
636,Iowa,1980,1.41,0.13,0.71,2.25
637,Iowa,1979,1.4,0.11,0.71,2.22
638,Iowa,1978,1.38,0.11,0.74,2.23
639,Iowa,1977,1.33,0.1,0.74,2.17
640,Kansas,2016,1.02,0.14,0.75,1.92
641,Kansas,2015,1.03,0.14,0.74,1.91
642,Kansas,2014,1.04,0.14,0.75,1.93
643,Kansas,2013,0.99,0.14,0.76,1.88
644,Kansas,2012,1.09,0.14,0.72,1.95
645,Kansas,2011,1.07,0.14,0.69,1.9
646,Kansas,2010,1.13,0.14,0.68,1.95
647,Kansas,2009,1.18,0.14,0.67,1.99
648,Kansas,2008,1.22,0.14,0.65,2.01
649,Kansas,2007,1.17,0.15,0.64,1.96
650,Kansas,2006,1.14,0.18,0.61,1.94
651,Kansas,2005,1.14,0.18,0.57,1.89
652,Kansas,2004,1.14,0.16,0.56,1.86
653,Kansas,2003,1.16,0.17,0.56,1.89
654,Kansas,2002,1.19,0.15,0.54,1.88
655,Kansas,2001,1.12,0.15,0.53,1.8
656,Kansas,2000,1.13,0.15,0.53,1.82
657,Kansas,1999,1.12,0.15,0.54,1.81
658,Kansas,1998,1.08,0.13,0.54,1.76
659,Kansas,1997,1.07,0.12,0.48,1.67
660,Kansas,1996,1.04,0.12,0.49,1.65
661,Kansas,1995,1.04,0.12,0.5,1.66
662,Kansas,1994,1.12,0.13,0.48,1.73
663,Kansas,1993,1.09,0.14,0.52,1.75
664,Kansas,1992,1.09,0.14,0.55,1.78
665,Kansas,1991,1.15,0.14,0.57,1.85
666,Kansas,1990,1.13,0.13,0.53,1.79
667,Kansas,1989,1.13,0.13,0.55,1.81
668,Kansas,1988,1.13,0.22,0.57,1.92
669,Kansas,1987,1.14,0.17,0.57,1.88
670,Kansas,1986,1.14,0.17,0.6,1.91
671,Kansas,1985,1.18,0.15,0.64,1.97
672,Kansas,1984,1.19,0.14,0.63,1.96
673,Kansas,1983,1.2,0.13,0.64,1.97
674,Kansas,1982,1.22,0.13,0.67,2.03
675,Kansas,1981,1.23,0.12,0.7,2.05
676,Kansas,1980,1.22,0.11,0.61,1.95
677,Kansas,1979,1.19,0.12,0.74,2.04
678,Kansas,1978,1.15,0.12,0.65,1.91
679,Kansas,1977,1.14,0.1,0.65,1.9
680,Kentucky,2016,0.96,0.22,0.79,1.98
681,Kentucky,2015,0.99,0.22,0.76,1.97
682,Kentucky,2014,0.94,0.21,0.72,1.88
683,Kentucky,2013,0.95,0.2,0.7,1.85
684,Kentucky,2012,0.97,0.2,0.7,1.87
685,Kentucky,2011,0.94,0.19,0.66,1.79
686,Kentucky,2010,1.0,0.18,0.66,1.83
687,Kentucky,2009,1.02,0.18,0.65,1.85
688,Kentucky,2008,1.03,0.17,0.65,1.85
689,Kentucky,2007,1.04,0.17,0.63,1.85
690,Kentucky,2006,1.04,0.17,0.62,1.82
691,Kentucky,2005,1.04,0.14,0.61,1.8
692,Kentucky,2004,1.07,0.17,0.57,1.81
693,Kentucky,2003,1.03,0.15,0.57,1.75
694,Kentucky,2002,1.08,0.14,0.54,1.77
695,Kentucky,2001,1.04,0.12,0.46,1.63
696,Kentucky,2000,1.07,0.14,0.53,1.74
697,Kentucky,1999,1.07,0.13,0.54,1.74
698,Kentucky,1998,1.08,0.13,0.53,1.74
699,Kentucky,1997,1.07,0.13,0.53,1.72
700,Kentucky,1996,1.09,0.13,0.54,1.76
701,Kentucky,1995,1.06,0.11,0.54,1.71
702,Kentucky,1994,1.08,0.11,0.55,1.73
703,Kentucky,1993,1.08,0.1,0.55,1.73
704,Kentucky,1992,1.04,0.11,0.56,1.71
705,Kentucky,1991,1.11,0.11,0.56,1.78
706,Kentucky,1990,1.12,0.11,0.6,1.83
707,Kentucky,1989,1.09,0.12,0.57,1.79
708,Kentucky,1988,1.1,0.12,0.6,1.82
709,Kentucky,1987,1.04,0.14,0.6,1.78
710,Kentucky,1986,1.1,0.14,0.63,1.86
711,Kentucky,1985,1.08,0.14,0.66,1.88
712,Kentucky,1984,1.06,0.13,0.68,1.87
713,Kentucky,1983,1.13,0.12,0.7,1.95
714,Kentucky,1982,1.14,0.12,0.72,1.99
715,Kentucky,1981,1.13,0.1,0.75,1.99
716,Kentucky,1980,1.08,0.1,0.73,1.91
717,Kentucky,1979,1.07,0.09,0.75,1.91
718,Kentucky,1978,1.04,0.09,0.75,1.88
719,Kentucky,1977,1.16,0.09,0.73,1.98
720,Louisiana,2016,1.25,0.34,1.0,2.59
721,Louisiana,2015,1.27,0.33,0.98,2.59
722,Louisiana,2014,1.3,0.33,0.95,2.58
723,Louisiana,2013,1.34,0.32,0.93,2.58
724,Louisiana,2012,1.38,0.32,0.9,2.59
725,Louisiana,2011,1.39,0.3,0.88,2.57
726,Louisiana,2010,1.42,0.28,0.84,2.55
727,Louisiana,2009,1.5,0.28,0.85,2.63
728,Louisiana,2008,1.55,0.26,0.83,2.64
729,Louisiana,2007,1.57,0.27,0.81,2.66
730,Louisiana,2006,1.59,0.25,0.78,2.63
731,Louisiana,2005,1.47,0.24,0.71,2.41
732,Louisiana,2004,1.38,0.26,0.73,2.36
733,Louisiana,2003,1.41,0.25,0.72,2.38
734,Louisiana,2002,1.32,0.24,0.7,2.26
735,Louisiana,2001,1.49,0.23,0.69,2.41
736,Louisiana,2000,1.51,0.22,0.7,2.44
737,Louisiana,1999,1.52,0.24,0.69,2.45
738,Louisiana,1998,1.48,0.23,0.7,2.4
739,Louisiana,1997,1.51,0.23,0.71,2.44
740,Louisiana,1996,1.52,0.22,0.72,2.46
741,Louisiana,1995,1.51,0.21,0.73,2.46
742,Louisiana,1994,1.45,0.21,0.73,2.39
743,Louisiana,1993,1.53,0.21,0.72,2.47
744,Louisiana,1992,1.55,0.22,0.74,2.51
745,Louisiana,1991,1.52,0.21,0.73,2.46
746,Louisiana,1990,1.53,0.23,0.78,2.54
747,Louisiana,1989,1.47,0.24,0.74,2.45
748,Louisiana,1988,1.49,0.24,0.71,2.44
749,Louisiana,1987,1.4,0.25,0.77,2.41
750,Louisiana,1986,1.42,0.26,0.79,2.47
751,Louisiana,1985,1.37,0.28,0.87,2.52
752,Louisiana,1984,1.42,0.29,0.95,2.66
753,Louisiana,1983,1.44,0.31,1.03,2.77
754,Louisiana,1982,1.49,0.3,1.0,2.78
755,Louisiana,1981,1.49,0.28,1.02,2.79
756,Louisiana,1980,1.4,0.27,1.03,2.7
757,Louisiana,1979,1.32,0.25,1.04,2.61
758,Louisiana,1978,1.32,0.25,1.04,2.6
759,Louisiana,1977,1.27,0.25,1.0,2.51
760,Maine,2016,1.36,0.44,1.01,2.81
761,Maine,2015,1.37,0.44,0.97,2.78
762,Maine,2014,1.36,0.42,0.93,2.71
763,Maine,2013,1.36,0.42,0.91,2.69
764,Maine,2012,1.34,0.42,0.89,2.65
765,Maine,2011,1.31,0.42,0.87,2.6
766,Maine,2010,1.3,0.42,0.84,2.56
767,Maine,2009,1.31,0.42,0.82,2.55
768,Maine,2008,1.33,0.42,0.81,2.56
769,Maine,2007,1.35,0.42,0.8,2.57
770,Maine,2006,1.34,0.42,0.78,2.54
771,Maine,2005,1.34,0.41,0.77,2.52
772,Maine,2004,1.26,0.41,0.76,2.44
773,Maine,2003,1.25,0.4,0.74,2.39
774,Maine,2002,1.23,0.4,0.7,2.33
775,Maine,2001,1.21,0.37,0.7,2.28
776,Maine,2000,1.17,0.38,0.68,2.23
777,Maine,1999,1.16,0.36,0.69,2.21
778,Maine,1998,1.14,0.33,0.69,2.16
779,Maine,1997,1.16,0.32,0.68,2.16
780,Maine,1996,1.21,0.32,0.69,2.22
781,Maine,1995,1.14,0.28,0.7,2.12
782,Maine,1994,1.13,0.27,0.77,2.18
783,Maine,1993,1.15,0.29,0.79,2.22
784,Maine,1992,1.16,0.29,0.78,2.23
785,Maine,1991,1.18,0.3,0.77,2.25
786,Maine,1990,1.21,0.31,0.82,2.34
787,Maine,1989,1.26,0.34,0.86,2.46
788,Maine,1988,1.29,0.36,0.91,2.55
789,Maine,1987,1.27,0.38,0.91,2.56
790,Maine,1986,1.29,0.36,0.92,2.57
791,Maine,1985,1.29,0.33,0.94,2.56
792,Maine,1984,1.25,0.31,1.02,2.57
793,Maine,1983,1.32,0.29,1.03,2.64
794,Maine,1982,1.3,0.3,1.02,2.62
795,Maine,1981,1.24,0.28,1.05,2.57
796,Maine,1980,1.32,0.28,1.06,2.66
797,Maine,1979,1.27,0.27,1.05,2.59
798,Maine,1978,1.28,0.26,1.03,2.57
799,Maine,1977,1.35,0.23,1.02,2.6
800,Maryland,2016,0.83,0.4,0.92,2.15
801,Maryland,2015,0.85,0.39,0.9,2.14
802,Maryland,2014,0.86,0.39,0.9,2.15
803,Maryland,2013,0.88,0.39,0.9,2.17
804,Maryland,2012,0.91,0.39,0.9,2.2
805,Maryland,2011,0.92,0.39,0.89,2.19
806,Maryland,2010,0.94,0.38,0.89,2.21
807,Maryland,2009,0.96,0.36,0.86,2.19
808,Maryland,2008,0.99,0.36,0.84,2.19
809,Maryland,2007,1.01,0.36,0.84,2.2
810,Maryland,2006,1.01,0.34,0.83,2.18
811,Maryland,2005,1.02,0.34,0.81,2.16
812,Maryland,2004,1.03,0.33,0.79,2.15
813,Maryland,2003,1.03,0.32,0.77,2.12
814,Maryland,2002,1.06,0.31,0.76,2.12
815,Maryland,2001,1.06,0.3,0.75,2.11
816,Maryland,2000,1.04,0.3,0.75,2.09
817,Maryland,1999,1.04,0.3,0.74,2.08
818,Maryland,1998,1.05,0.3,0.73,2.08
819,Maryland,1997,1.08,0.29,0.73,2.11
820,Maryland,1996,1.05,0.29,0.74,2.08
821,Maryland,1995,1.06,0.28,0.74,2.09
822,Maryland,1994,1.09,0.28,0.78,2.15
823,Maryland,1993,1.1,0.28,0.8,2.19
824,Maryland,1992,1.11,0.29,0.86,2.26
825,Maryland,1991,1.15,0.3,0.89,2.33
826,Maryland,1990,1.22,0.33,0.96,2.51
827,Maryland,1989,1.2,0.34,0.97,2.52
828,Maryland,1988,1.24,0.36,1.0,2.6
829,Maryland,1987,1.28,0.38,1.06,2.71
830,Maryland,1986,1.28,0.38,1.07,2.73
831,Maryland,1985,1.3,0.36,1.14,2.8
832,Maryland,1984,1.31,0.36,1.17,2.84
833,Maryland,1983,1.34,0.35,1.2,2.89
834,Maryland,1982,1.27,0.32,1.16,2.76
835,Maryland,1981,1.39,0.34,1.33,3.06
836,Maryland,1980,1.41,0.33,1.35,3.08
837,Maryland,1979,1.43,0.31,1.39,3.13
838,Maryland,1978,1.4,0.31,1.38,3.09
839,Maryland,1977,1.36,0.3,1.38,3.05
840,Massachusetts,2016,0.95,0.65,0.97,2.57
841,Massachusetts,2015,0.97,0.65,0.91,2.52
842,Massachusetts,2014,0.98,0.66,0.91,2.55
843,Massachusetts,2013,1.0,0.66,0.89,2.56
844,Massachusetts,2012,1.03,0.65,0.88,2.57
845,Massachusetts,2011,1.02,0.64,0.88,2.54
846,Massachusetts,2010,1.04,0.62,0.84,2.5
847,Massachusetts,2009,1.03,0.62,0.85,2.49
848,Massachusetts,2008,1.08,0.62,0.84,2.54
849,Massachusetts,2007,1.11,0.62,0.87,2.59
850,Massachusetts,2006,1.1,0.61,0.85,2.56
851,Massachusetts,2005,1.07,0.59,0.85,2.51
852,Massachusetts,2004,1.1,0.58,0.84,2.52
853,Massachusetts,2003,1.1,0.56,0.82,2.49
854,Massachusetts,2002,1.13,0.54,0.8,2.47
855,Massachusetts,2001,1.13,0.52,0.79,2.44
856,Massachusetts,2000,1.16,0.51,0.87,2.55
857,Massachusetts,1999,1.09,0.51,0.79,2.39
858,Massachusetts,1998,1.14,0.5,0.75,2.39
859,Massachusetts,1997,1.13,0.49,0.76,2.39
860,Massachusetts,1996,1.11,0.48,0.77,2.35
861,Massachusetts,1995,1.13,0.44,0.78,2.35
862,Massachusetts,1994,1.14,0.44,0.8,2.38
863,Massachusetts,1993,1.14,0.44,0.8,2.38
864,Massachusetts,1992,1.12,0.44,0.82,2.38
865,Massachusetts,1991,1.19,0.43,0.87,2.49
866,Massachusetts,1990,1.22,0.45,0.97,2.63
867,Massachusetts,1989,1.24,0.46,1.0,2.7
868,Massachusetts,1988,1.27,0.49,1.05,2.81
869,Massachusetts,1987,1.27,0.5,1.11,2.88
870,Massachusetts,1986,1.29,0.52,1.11,2.92
871,Massachusetts,1985,1.28,0.5,1.19,2.97
872,Massachusetts,1984,1.29,0.5,1.23,3.02
873,Massachusetts,1983,1.36,0.49,1.2,3.05
874,Massachusetts,1982,1.35,0.5,1.22,3.07
875,Massachusetts,1981,1.44,0.49,1.24,3.17
876,Massachusetts,1980,1.46,0.45,1.26,3.18
877,Massachusetts,1979,1.4,0.43,1.24,3.07
878,Massachusetts,1978,1.38,0.41,1.26,3.05
879,Massachusetts,1977,1.35,0.37,1.25,2.97
880,Michigan,2016,1.04,0.39,0.91,2.34
881,Michigan,2015,0.99,0.37,0.89,2.25
882,Michigan,2014,1.05,0.39,0.88,2.32
883,Michigan,2013,1.02,0.37,0.85,2.24
884,Michigan,2012,1.08,0.35,0.84,2.27
885,Michigan,2011,1.07,0.35,0.83,2.25
886,Michigan,2010,1.09,0.33,0.81,2.23
887,Michigan,2009,1.11,0.32,0.8,2.23
888,Michigan,2008,1.13,0.3,0.79,2.22
889,Michigan,2007,1.13,0.3,0.77,2.19
890,Michigan,2006,1.13,0.29,0.76,2.18
891,Michigan,2005,1.15,0.28,0.74,2.16
892,Michigan,2004,1.16,0.27,0.72,2.15
893,Michigan,2003,1.17,0.28,0.72,2.17
894,Michigan,2002,1.19,0.25,0.69,2.13
895,Michigan,2001,1.18,0.23,0.68,2.09
896,Michigan,2000,1.2,0.24,0.68,2.13
897,Michigan,1999,1.2,0.24,0.67,2.11
898,Michigan,1998,1.2,0.22,0.68,2.1
899,Michigan,1997,1.19,0.22,0.66,2.07
900,Michigan,1996,1.22,0.22,0.66,2.09
901,Michigan,1995,1.2,0.19,0.66,2.06
902,Michigan,1994,1.23,0.2,0.67,2.1
903,Michigan,1993,1.26,0.2,0.72,2.18
904,Michigan,1992,1.26,0.22,0.74,2.21
905,Michigan,1991,1.3,0.22,0.74,2.26
906,Michigan,1990,1.33,0.28,0.8,2.42
907,Michigan,1989,1.29,0.3,0.8,2.39
908,Michigan,1988,1.32,0.32,0.84,2.48
909,Michigan,1987,1.32,0.33,0.85,2.51
910,Michigan,1986,1.33,0.33,0.9,2.57
911,Michigan,1985,1.31,0.32,0.96,2.59
912,Michigan,1984,1.33,0.31,0.98,2.61
913,Michigan,1983,1.36,0.28,0.98,2.62
914,Michigan,1982,1.35,0.39,0.99,2.73
915,Michigan,1981,1.34,0.29,1.0,2.63
916,Michigan,1980,1.34,0.28,1.02,2.65
917,Michigan,1979,1.36,0.25,1.03,2.65
918,Michigan,1978,1.43,0.25,1.05,2.74
919,Michigan,1977,1.45,0.24,1.02,2.71
920,Minnesota,2016,1.15,0.44,1.17,2.77
921,Minnesota,2015,1.16,0.43,1.14,2.73
922,Minnesota,2014,1.14,0.44,1.23,2.81
923,Minnesota,2013,1.13,0.43,1.16,2.72
924,Minnesota,2012,1.18,0.42,1.11,2.71
925,Minnesota,2011,1.13,0.34,0.99,2.47
926,Minnesota,2010,1.14,0.33,0.97,2.44
927,Minnesota,2009,1.19,0.37,1.04,2.59
928,Minnesota,2008,1.21,0.36,1.03,2.6
929,Minnesota,2007,1.23,0.36,1.01,2.6
930,Minnesota,2006,1.15,0.32,0.93,2.4
931,Minnesota,2005,1.18,0.33,0.97,2.48
932,Minnesota,2004,1.24,0.31,0.94,2.5
933,Minnesota,2003,1.22,0.29,0.91,2.43
934,Minnesota,2002,1.26,0.28,0.88,2.41
935,Minnesota,2001,1.25,0.26,0.88,2.39
936,Minnesota,2000,1.24,0.26,0.87,2.37
937,Minnesota,1999,1.23,0.27,0.86,2.36
938,Minnesota,1998,1.16,0.27,0.84,2.27
939,Minnesota,1997,1.2,0.27,0.84,2.31
940,Minnesota,1996,1.23,0.26,0.83,2.31
941,Minnesota,1995,1.29,0.25,0.83,2.38
942,Minnesota,1994,1.27,0.25,0.83,2.35
943,Minnesota,1993,1.24,0.24,0.84,2.33
944,Minnesota,1992,1.25,0.25,0.85,2.35
945,Minnesota,1991,1.3,0.24,0.81,2.35
946,Minnesota,1990,1.32,0.27,0.96,2.55
947,Minnesota,1989,1.29,0.27,0.89,2.46
948,Minnesota,1988,1.31,0.3,0.9,2.51
949,Minnesota,1987,1.32,0.32,0.94,2.58
950,Minnesota,1986,1.31,0.34,0.93,2.57
951,Minnesota,1985,1.31,0.31,1.06,2.68
952,Minnesota,1984,1.34,0.28,1.07,2.69
953,Minnesota,1983,1.38,0.27,1.1,2.74
954,Minnesota,1982,1.37,0.27,1.11,2.75
955,Minnesota,1981,1.39,0.27,1.18,2.84
956,Minnesota,1980,1.39,0.26,1.2,2.85
957,Minnesota,1979,1.36,0.24,1.17,2.77
958,Minnesota,1978,1.32,0.23,1.16,2.71
959,Minnesota,1977,1.31,0.21,1.16,2.67
960,Mississippi,2016,1.28,0.17,0.77,2.23
961,Mississippi,2015,1.31,0.17,0.77,2.24
962,Mississippi,2014,1.32,0.16,0.75,2.23
963,Mississippi,2013,1.35,0.16,0.73,2.24
964,Mississippi,2012,1.37,0.16,0.71,2.24
965,Mississippi,2011,1.36,0.16,0.71,2.22
966,Mississippi,2010,1.37,0.15,0.7,2.22
967,Mississippi,2009,1.41,0.15,0.7,2.26
968,Mississippi,2008,1.44,0.15,0.7,2.28
969,Mississippi,2007,1.45,0.14,0.68,2.26
970,Mississippi,2006,1.43,0.13,0.67,2.23
971,Mississippi,2005,1.4,0.13,0.65,2.18
972,Mississippi,2004,1.38,0.13,0.63,2.14
973,Mississippi,2003,1.38,0.12,0.63,2.13
974,Mississippi,2002,1.41,0.12,0.61,2.13
975,Mississippi,2001,1.4,0.11,0.6,2.11
976,Mississippi,2000,1.43,0.11,0.61,2.14
977,Mississippi,1999,1.42,0.11,0.61,2.14
978,Mississippi,1998,1.39,0.09,0.59,2.08
979,Mississippi,1997,1.39,0.09,0.61,2.09
980,Mississippi,1996,1.42,0.1,0.62,2.14
981,Mississippi,1995,1.37,0.1,0.61,2.09
982,Mississippi,1994,1.28,0.08,0.63,2.0
983,Mississippi,1993,1.37,0.1,0.63,2.11
984,Mississippi,1992,1.35,0.09,0.63,2.08
985,Mississippi,1991,1.32,0.09,0.64,2.05
986,Mississippi,1990,1.34,0.09,0.65,2.08
987,Mississippi,1989,1.28,0.09,0.66,2.04
988,Mississippi,1988,1.3,0.09,0.67,2.06
989,Mississippi,1987,1.28,0.09,0.66,2.04
990,Mississippi,1986,1.28,0.1,0.69,2.07
991,Mississippi,1985,1.22,0.1,0.74,2.07
992,Mississippi,1984,1.2,0.11,0.77,2.08
993,Mississippi,1983,1.2,0.11,0.8,2.1
994,Mississippi,1982,1.18,0.11,0.81,2.1
995,Mississippi,1981,1.19,0.11,0.84,2.13
996,Mississippi,1980,1.13,0.1,0.86,2.09
997,Mississippi,1979,1.1,0.09,0.81,2.0
998,Mississippi,1978,1.11,0.1,0.88,2.09
999,Mississippi,1977,1.04,0.1,0.83,1.98
1000,Missouri,2016,1.15,0.38,0.96,2.49
1001,Missouri,2015,1.17,0.39,0.97,2.53
1002,Missouri,2014,1.16,0.36,0.88,2.4
1003,Missouri,2013,1.19,0.36,0.89,2.44
1004,Missouri,2012,1.22,0.34,0.86,2.42
1005,Missouri,2011,1.24,0.34,0.86,2.45
1006,Missouri,2010,1.27,0.32,0.81,2.41
1007,Missouri,2009,1.3,0.3,0.83,2.43
1008,Missouri,2008,1.32,0.3,0.8,2.42
1009,Missouri,2007,1.33,0.3,0.78,2.4
1010,Missouri,2006,1.33,0.28,0.76,2.37
1011,Missouri,2005,1.31,0.27,0.73,2.3
1012,Missouri,2004,1.33,0.27,0.72,2.32
1013,Missouri,2003,1.34,0.26,0.7,2.29
1014,Missouri,2002,1.36,0.25,0.67,2.27
1015,Missouri,2001,1.34,0.23,0.67,2.25
1016,Missouri,2000,1.35,0.23,0.67,2.25
1017,Missouri,1999,1.35,0.23,0.66,2.23
1018,Missouri,1998,1.33,0.23,0.63,2.18
1019,Missouri,1997,1.3,0.22,0.63,2.15
1020,Missouri,1996,1.31,0.22,0.57,2.1
1021,Missouri,1995,1.31,0.2,0.62,2.14
1022,Missouri,1994,1.36,0.19,0.66,2.21
1023,Missouri,1993,1.33,0.2,0.67,2.2
1024,Missouri,1992,1.34,0.21,0.69,2.24
1025,Missouri,1991,1.35,0.22,0.64,2.2
1026,Missouri,1990,1.37,0.22,0.7,2.3
1027,Missouri,1989,1.36,0.23,0.7,2.28
1028,Missouri,1988,1.35,0.26,0.7,2.31
1029,Missouri,1987,1.38,0.28,0.73,2.39
1030,Missouri,1986,1.38,0.28,0.73,2.39
1031,Missouri,1985,1.34,0.26,0.77,2.37
1032,Missouri,1984,1.35,0.26,0.68,2.29
1033,Missouri,1983,1.38,0.22,0.78,2.38
1034,Missouri,1982,1.39,0.22,0.79,2.39
1035,Missouri,1981,1.41,0.22,0.84,2.46
1036,Missouri,1980,1.39,0.2,0.84,2.44
1037,Missouri,1979,1.36,0.2,0.86,2.42
1038,Missouri,1978,1.31,0.19,0.89,2.39
1039,Missouri,1977,1.23,0.19,0.83,2.24
1040,Montana,2016,1.62,0.52,0.98,3.11
1041,Montana,2015,1.63,0.5,0.96,3.09
1042,Montana,2014,1.62,0.5,0.96,3.08
1043,Montana,2013,1.63,0.49,0.95,3.07
1044,Montana,2012,1.65,0.48,0.94,3.07
1045,Montana,2011,1.61,0.47,0.9,2.97
1046,Montana,2010,1.65,0.45,0.88,2.98
1047,Montana,2009,1.64,0.45,0.87,2.96
1048,Montana,2008,1.66,0.44,0.87,2.97
1049,Montana,2007,1.66,0.43,0.85,2.94
1050,Montana,2006,1.63,0.41,0.82,2.87
1051,Montana,2005,1.59,0.42,0.77,2.78
1052,Montana,2004,1.57,0.34,0.75,2.66
1053,Montana,2003,1.56,0.33,0.72,2.62
1054,Montana,2002,1.62,0.33,0.7,2.65
1055,Montana,2001,1.58,0.3,0.68,2.56
1056,Montana,2000,1.57,0.29,0.68,2.54
1057,Montana,1999,1.56,0.28,0.67,2.51
1058,Montana,1998,1.53,0.27,0.65,2.45
1059,Montana,1997,1.41,0.27,0.64,2.32
1060,Montana,1996,1.55,0.26,0.64,2.45
1061,Montana,1995,1.52,0.25,0.78,2.55
1062,Montana,1994,1.57,0.24,0.7,2.51
1063,Montana,1993,1.49,0.25,0.73,2.47
1064,Montana,1992,1.59,0.26,0.75,2.61
1065,Montana,1991,1.61,0.28,0.76,2.64
1066,Montana,1990,1.61,0.29,0.77,2.67
1067,Montana,1989,1.59,0.29,0.73,2.61
1068,Montana,1988,1.61,0.32,0.77,2.7
1069,Montana,1987,1.59,0.34,0.78,2.7
1070,Montana,1986,1.6,0.34,0.82,2.76
1071,Montana,1985,1.62,0.33,0.89,2.84
1072,Montana,1984,1.71,0.32,0.93,2.97
1073,Montana,1983,1.8,0.32,0.99,3.11
1074,Montana,1982,1.82,0.32,1.02,3.16
1075,Montana,1981,1.9,0.33,1.05,3.27
1076,Montana,1980,1.82,0.35,1.03,3.2
1077,Montana,1979,1.83,0.41,1.05,3.29
1078,Montana,1978,1.82,0.2,1.07,3.09
1079,Montana,1977,1.82,0.2,1.1,3.11
1080,Nebraska,2016,1.3,0.22,0.71,2.23
1081,Nebraska,2015,1.34,0.22,0.71,2.27
1082,Nebraska,2014,1.37,0.21,0.71,2.3
1083,Nebraska,2013,1.39,0.21,0.71,2.31
1084,Nebraska,2012,1.41,0.21,0.69,2.31
1085,Nebraska,2011,1.39,0.21,0.69,2.28
1086,Nebraska,2010,1.4,0.21,0.67,2.28
1087,Nebraska,2009,1.42,0.2,0.67,2.29
1088,Nebraska,2008,1.45,0.2,0.68,2.33
1089,Nebraska,2007,1.43,0.2,0.67,2.31
1090,Nebraska,2006,1.42,0.21,0.71,2.35
1091,Nebraska,2005,1.41,0.2,0.68,2.29
1092,Nebraska,2004,1.44,0.2,0.65,2.28
1093,Nebraska,2003,1.43,0.19,0.63,2.24
1094,Nebraska,2002,1.45,0.17,0.61,2.23
1095,Nebraska,2001,1.43,0.16,0.6,2.2
1096,Nebraska,2000,1.44,0.17,0.62,2.23
1097,Nebraska,1999,1.42,0.17,0.6,2.19
1098,Nebraska,1998,1.39,0.18,0.58,2.16
1099,Nebraska,1997,1.35,0.18,0.56,2.09
1100,Nebraska,1996,1.35,0.18,0.57,2.11
1101,Nebraska,1995,1.35,0.19,0.57,2.1
1102,Nebraska,1994,1.39,0.18,0.57,2.14
1103,Nebraska,1993,1.37,0.18,0.59,2.14
1104,Nebraska,1992,1.37,0.18,0.61,2.16
1105,Nebraska,1991,1.4,0.18,0.61,2.19
1106,Nebraska,1990,1.41,0.2,0.64,2.25
1107,Nebraska,1989,1.41,0.2,0.64,2.26
1108,Nebraska,1988,1.41,0.22,0.66,2.3
1109,Nebraska,1987,1.43,0.23,0.67,2.33
1110,Nebraska,1986,1.41,0.23,0.69,2.33
1111,Nebraska,1985,1.41,0.22,0.76,2.39
1112,Nebraska,1984,1.46,0.21,0.77,2.43
1113,Nebraska,1983,1.5,0.21,0.8,2.51
1114,Nebraska,1982,1.51,0.28,0.58,2.37
1115,Nebraska,1981,1.57,0.2,0.88,2.65
1116,Nebraska,1980,1.56,0.19,0.88,2.63
1117,Nebraska,1979,1.52,0.18,0.89,2.59
1118,Nebraska,1978,1.48,0.18,0.9,2.56
1119,Nebraska,1977,1.46,0.17,0.91,2.54
1120,Nevada,2016,1.41,0.61,1.44,3.46
1121,Nevada,2015,1.38,0.66,1.29,3.33
1122,Nevada,2014,1.41,0.66,1.3,3.36
1123,Nevada,2013,1.4,0.63,1.28,3.31
1124,Nevada,2012,1.41,0.62,1.24,3.27
1125,Nevada,2011,1.45,0.63,1.27,3.35
1126,Nevada,2010,1.49,0.6,1.21,3.3
1127,Nevada,2009,1.53,0.56,1.11,3.21
1128,Nevada,2008,1.63,0.61,1.29,3.53
1129,Nevada,2007,1.66,0.62,1.23,3.52
1130,Nevada,2006,1.71,0.65,1.28,3.63
1131,Nevada,2005,1.69,0.62,1.21,3.52
1132,Nevada,2004,1.73,0.63,1.25,3.61
1133,Nevada,2003,1.74,0.61,1.23,3.59
1134,Nevada,2002,1.74,0.6,1.22,3.56
1135,Nevada,2001,1.79,0.59,1.21,3.59
1136,Nevada,2000,1.79,0.62,1.26,3.67
1137,Nevada,1999,1.82,0.63,1.29,3.74
1138,Nevada,1998,1.8,0.58,1.23,3.62
1139,Nevada,1997,1.84,0.58,1.3,3.72
1140,Nevada,1996,1.91,0.59,1.39,3.89
1141,Nevada,1995,1.87,0.58,1.39,3.84
1142,Nevada,1994,1.93,0.57,1.51,4.0
1143,Nevada,1993,1.95,0.58,1.54,4.07
1144,Nevada,1992,2.02,0.62,1.61,4.25
1145,Nevada,1991,2.05,0.63,1.63,4.31
1146,Nevada,1990,2.17,0.69,1.92,4.78
1147,Nevada,1989,2.12,0.71,1.87,4.7
1148,Nevada,1988,2.08,0.76,1.95,4.8
1149,Nevada,1987,2.01,0.83,2.05,4.89
1150,Nevada,1986,2.04,0.86,2.07,4.97
1151,Nevada,1985,1.96,0.84,2.18,4.99
1152,Nevada,1984,1.97,0.8,2.32,5.1
1153,Nevada,1983,1.96,0.78,2.43,5.18
1154,Nevada,1982,2.0,0.77,2.5,5.27
1155,Nevada,1981,2.08,0.8,2.71,5.59
1156,Nevada,1980,2.06,0.78,2.9,5.75
1157,Nevada,1979,2.07,0.79,2.97,5.83
1158,Nevada,1978,2.01,0.77,3.34,6.13
1159,Nevada,1977,1.99,0.77,3.56,6.32
1160,New Hampshire,2016,1.87,0.88,2.0,4.76
1161,New Hampshire,2015,1.88,0.88,1.96,4.72
1162,New Hampshire,2014,1.69,0.89,1.96,4.54
1163,New Hampshire,2013,1.86,0.89,1.93,4.68
1164,New Hampshire,2012,1.9,0.86,1.89,4.65
1165,New Hampshire,2011,1.86,0.92,1.98,4.77
1166,New Hampshire,2010,1.81,0.84,1.85,4.5
1167,New Hampshire,2009,1.79,0.84,1.84,4.47
1168,New Hampshire,2008,1.78,0.81,1.79,4.39
1169,New Hampshire,2007,1.82,0.79,1.75,4.36
1170,New Hampshire,2006,1.73,0.78,1.77,4.28
1171,New Hampshire,2005,1.75,0.75,1.71,4.2
1172,New Hampshire,2004,1.74,0.73,1.67,4.14
1173,New Hampshire,2003,1.75,0.71,1.63,4.09
1174,New Hampshire,2002,1.75,0.7,1.64,4.09
1175,New Hampshire,2001,1.75,0.66,1.62,4.03
1176,New Hampshire,2000,1.78,0.65,1.63,4.06
1177,New Hampshire,1999,1.77,0.65,1.64,4.06
1178,New Hampshire,1998,1.77,0.55,1.67,3.99
1179,New Hampshire,1997,1.78,0.54,1.72,4.04
1180,New Hampshire,1996,1.78,0.53,1.79,4.11
1181,New Hampshire,1995,1.73,0.5,1.79,4.02
1182,New Hampshire,1994,1.75,0.48,1.9,4.13
1183,New Hampshire,1993,1.83,0.54,2.01,4.38
1184,New Hampshire,1992,1.81,0.52,1.96,4.3
1185,New Hampshire,1991,1.85,0.49,1.96,4.3
1186,New Hampshire,1990,1.85,0.49,1.97,4.3
1187,New Hampshire,1989,1.87,0.5,2.0,4.38
1188,New Hampshire,1988,1.91,0.49,1.94,4.34
1189,New Hampshire,1987,1.93,0.5,1.99,4.42
1190,New Hampshire,1986,1.93,0.52,2.06,4.52
1191,New Hampshire,1985,1.99,0.53,2.22,4.74
1192,New Hampshire,1984,1.99,0.59,2.33,4.92
1193,New Hampshire,1983,2.17,0.56,2.36,5.09
1194,New Hampshire,1982,1.9,0.59,2.35,4.84
1195,New Hampshire,1981,1.89,0.59,2.43,4.91
1196,New Hampshire,1980,1.93,0.6,2.49,5.02
1197,New Hampshire,1979,1.94,0.61,2.56,5.1
1198,New Hampshire,1978,1.95,0.53,2.88,5.36
1199,New Hampshire,1977,1.86,0.49,2.88,5.23
1200,New Jersey,2016,0.82,0.59,0.92,2.34
1201,New Jersey,2015,0.83,0.6,0.92,2.36
1202,New Jersey,2014,0.84,0.62,0.92,2.37
1203,New Jersey,2013,0.84,0.61,0.92,2.36
1204,New Jersey,2012,0.88,0.6,0.9,2.39
1205,New Jersey,2011,0.89,0.58,0.89,2.36
1206,New Jersey,2010,0.92,0.57,0.86,2.35
1207,New Jersey,2009,0.91,0.57,0.86,2.34
1208,New Jersey,2008,0.93,0.55,0.86,2.35
1209,New Jersey,2007,0.93,0.55,0.86,2.33
1210,New Jersey,2006,0.95,0.54,0.85,2.33
1211,New Jersey,2005,0.95,0.52,0.83,2.3
1212,New Jersey,2004,0.96,0.52,0.82,2.3
1213,New Jersey,2003,0.95,0.5,0.8,2.24
1214,New Jersey,2002,0.98,0.49,0.77,2.24
1215,New Jersey,2001,0.99,0.47,0.75,2.2
1216,New Jersey,2000,0.97,0.47,0.76,2.2
1217,New Jersey,1999,0.97,0.47,0.74,2.18
1218,New Jersey,1998,0.98,0.46,0.71,2.15
1219,New Jersey,1997,0.99,0.46,0.74,2.19
1220,New Jersey,1996,1.0,0.44,0.76,2.2
1221,New Jersey,1995,1.06,0.44,0.79,2.28
1222,New Jersey,1994,1.04,0.43,0.79,2.27
1223,New Jersey,1993,1.07,0.42,0.79,2.29
1224,New Jersey,1992,1.07,0.44,0.83,2.34
1225,New Jersey,1991,1.09,0.43,0.82,2.34
1226,New Jersey,1990,1.15,0.48,0.95,2.58
1227,New Jersey,1989,1.13,0.5,0.95,2.58
1228,New Jersey,1988,1.15,0.51,0.93,2.58
1229,New Jersey,1987,1.18,0.54,1.0,2.72
1230,New Jersey,1986,1.17,0.56,1.03,2.77
1231,New Jersey,1985,1.17,0.55,1.07,2.79
1232,New Jersey,1984,1.18,0.54,1.1,2.82
1233,New Jersey,1983,1.2,0.52,1.13,2.85
1234,New Jersey,1982,1.21,0.52,1.13,2.87
1235,New Jersey,1981,1.21,0.51,1.15,2.87
1236,New Jersey,1980,1.22,0.47,1.13,2.82
1237,New Jersey,1979,1.18,0.43,1.1,2.71
1238,New Jersey,1978,1.17,0.41,1.1,2.69
1239,New Jersey,1977,1.16,0.4,1.13,2.69
1240,New Mexico,2016,1.11,0.31,0.85,2.27
1241,New Mexico,2015,1.03,0.3,0.78,2.11
1242,New Mexico,2014,1.29,0.31,0.82,2.42
1243,New Mexico,2013,1.17,0.34,0.85,2.35
1244,New Mexico,2012,1.24,0.33,0.79,2.36
1245,New Mexico,2011,1.32,0.31,0.73,2.35
1246,New Mexico,2010,1.23,0.31,0.74,2.28
1247,New Mexico,2009,1.34,0.31,0.72,2.38
1248,New Mexico,2008,1.41,0.31,0.71,2.43
1249,New Mexico,2007,1.39,0.3,0.7,2.39
1250,New Mexico,2006,1.37,0.3,0.69,2.36
1251,New Mexico,2005,1.47,0.29,0.66,2.42
1252,New Mexico,2004,1.46,0.25,0.66,2.36
1253,New Mexico,2003,1.52,0.27,0.61,2.4
1254,New Mexico,2002,1.52,0.26,0.61,2.4
1255,New Mexico,2001,1.54,0.25,0.61,2.39
1256,New Mexico,2000,1.53,0.25,0.61,2.38
1257,New Mexico,1999,1.53,0.25,0.59,2.36
1258,New Mexico,1998,1.49,0.24,0.58,2.31
1259,New Mexico,1997,1.51,0.24,0.58,2.33
1260,New Mexico,1996,1.55,0.24,0.59,2.38
1261,New Mexico,1995,1.56,0.24,0.6,2.4
1262,New Mexico,1994,1.46,0.19,0.6,2.25
1263,New Mexico,1993,1.53,0.23,0.63,2.39
1264,New Mexico,1992,1.56,0.25,0.66,2.47
1265,New Mexico,1991,1.64,0.26,0.64,2.54
1266,New Mexico,1990,1.68,0.28,0.68,2.64
1267,New Mexico,1989,1.67,0.29,0.66,2.62
1268,New Mexico,1988,1.66,0.33,0.68,2.67
1269,New Mexico,1987,1.65,0.36,0.68,2.69
1270,New Mexico,1986,1.66,0.36,0.71,2.73
1271,New Mexico,1985,1.71,0.36,0.77,2.84
1272,New Mexico,1984,1.72,0.28,0.76,2.76
1273,New Mexico,1983,1.72,0.31,0.98,3.01
1274,New Mexico,1982,1.72,0.34,0.93,2.99
1275,New Mexico,1981,1.73,0.32,0.95,3.0
1276,New Mexico,1980,1.65,0.32,0.99,2.97
1277,New Mexico,1979,1.64,0.29,0.97,2.91
1278,New Mexico,1978,1.65,0.31,0.96,2.93
1279,New Mexico,1977,1.62,0.31,0.95,2.88
1280,New York,2016,0.91,0.53,0.78,2.22
1281,New York,2015,0.9,0.5,0.77,2.18
1282,New York,2014,0.9,0.53,0.76,2.2
1283,New York,2013,0.93,0.51,0.77,2.21
1284,New York,2012,0.91,0.51,0.75,2.17
1285,New York,2011,0.89,0.5,0.72,2.11
1286,New York,2010,0.89,0.48,0.71,2.09
1287,New York,2009,0.92,0.47,0.7,2.08
1288,New York,2008,0.93,0.47,0.68,2.08
1289,New York,2007,0.93,0.47,0.69,2.1
1290,New York,2006,0.89,0.46,0.66,2.01
1291,New York,2005,0.91,0.43,0.65,1.99
1292,New York,2004,0.92,0.42,0.62,1.96
1293,New York,2003,0.93,0.4,0.61,1.94
1294,New York,2002,0.95,0.38,0.59,1.92
1295,New York,2001,0.96,0.37,0.56,1.89
1296,New York,2000,0.92,0.38,0.58,1.88
1297,New York,1999,0.93,0.37,0.56,1.85
1298,New York,1998,0.95,0.38,0.51,1.84
1299,New York,1997,0.86,0.36,0.56,1.79
1300,New York,1996,0.91,0.36,0.57,1.84
1301,New York,1995,1.0,0.38,0.57,1.95
1302,New York,1994,0.98,0.35,0.6,1.93
1303,New York,1993,1.0,0.35,0.62,1.97
1304,New York,1992,1.04,0.37,0.68,2.09
1305,New York,1991,1.09,0.37,0.69,2.14
1306,New York,1990,1.13,0.41,0.76,2.3
1307,New York,1989,1.11,0.42,0.81,2.34
1308,New York,1988,1.14,0.44,0.86,2.45
1309,New York,1987,1.14,0.47,0.9,2.51
1310,New York,1986,1.12,0.5,0.91,2.53
1311,New York,1985,1.14,0.49,0.98,2.61
1312,New York,1984,1.14,0.49,1.03,2.67
1313,New York,1983,1.23,0.49,1.05,2.77
1314,New York,1982,1.26,0.48,1.11,2.85
1315,New York,1981,1.25,0.46,1.12,2.83
1316,New York,1980,1.27,0.46,1.17,2.91
1317,New York,1979,1.21,0.44,1.17,2.83
1318,New York,1978,1.18,0.42,1.18,2.78
1319,New York,1977,1.18,0.39,1.18,2.75
1320,North Carolina,2016,1.05,0.43,0.64,2.13
1321,North Carolina,2015,1.05,0.42,0.63,2.1
1322,North Carolina,2014,1.04,0.41,0.61,2.06
1323,North Carolina,2013,1.04,0.39,0.6,2.03
1324,North Carolina,2012,1.07,0.38,0.6,2.05
1325,North Carolina,2011,1.05,0.37,0.58,2.01
1326,North Carolina,2010,1.08,0.35,0.57,2.01
1327,North Carolina,2009,1.09,0.33,0.57,1.99
1328,North Carolina,2008,1.13,0.34,0.57,2.03
1329,North Carolina,2007,1.15,0.33,0.56,2.04
1330,North Carolina,2006,1.14,0.32,0.54,2.01
1331,North Carolina,2005,1.13,0.3,0.54,1.96
1332,North Carolina,2004,1.16,0.3,0.53,1.99
1333,North Carolina,2003,1.21,0.27,0.52,2.0
1334,North Carolina,2002,1.25,0.27,0.5,2.02
1335,North Carolina,2001,1.24,0.25,0.51,2.0
1336,North Carolina,2000,1.22,0.25,0.52,1.98
1337,North Carolina,1999,1.21,0.24,0.51,1.96
1338,North Carolina,1998,1.21,0.23,0.5,1.94
1339,North Carolina,1997,1.22,0.23,0.52,1.97
1340,North Carolina,1996,1.21,0.24,0.52,1.98
1341,North Carolina,1995,1.12,0.21,0.53,1.87
1342,North Carolina,1994,1.14,0.21,0.54,1.89
1343,North Carolina,1993,1.14,0.22,0.56,1.92
1344,North Carolina,1992,1.14,0.23,0.59,1.96
1345,North Carolina,1991,1.11,0.24,0.6,1.96
1346,North Carolina,1990,1.16,0.27,0.65,2.08
1347,North Carolina,1989,1.13,0.27,0.66,2.05
1348,North Carolina,1988,1.11,0.28,0.68,2.08
1349,North Carolina,1987,1.11,0.28,0.71,2.09
1350,North Carolina,1986,1.11,0.3,0.74,2.15
1351,North Carolina,1985,1.1,0.27,0.76,2.13
1352,North Carolina,1984,1.11,0.24,0.78,2.13
1353,North Carolina,1983,1.11,0.22,0.8,2.12
1354,North Carolina,1982,1.07,0.21,0.85,2.13
1355,North Carolina,1981,1.1,0.21,0.86,2.16
1356,North Carolina,1980,1.1,0.2,0.85,2.16
1357,North Carolina,1979,1.04,0.21,0.84,2.09
1358,North Carolina,1978,1.02,0.19,0.83,2.04
1359,North Carolina,1977,0.98,0.19,0.81,1.98
1360,North Dakota,2016,1.64,0.34,1.29,3.26
1361,North Dakota,2015,1.58,0.35,1.32,3.25
1362,North Dakota,2014,1.67,0.35,1.39,3.41
1363,North Dakota,2013,1.68,0.32,1.37,3.38
1364,North Dakota,2012,1.75,0.3,1.37,3.42
1365,North Dakota,2011,1.66,0.26,1.26,3.18
1366,North Dakota,2010,1.49,0.25,1.19,2.93
1367,North Dakota,2009,1.59,0.24,1.13,2.96
1368,North Dakota,2008,1.6,0.23,1.11,2.94
1369,North Dakota,2007,1.53,0.23,1.06,2.82
1370,North Dakota,2006,1.5,0.2,1.0,2.7
1371,North Dakota,2005,1.48,0.18,0.94,2.6
1372,North Dakota,2004,1.49,0.18,0.82,2.49
1373,North Dakota,2003,1.53,0.17,0.86,2.56
1374,North Dakota,2002,1.51,0.16,0.83,2.5
1375,North Dakota,2001,1.46,0.15,0.81,2.42
1376,North Dakota,2000,1.47,0.15,0.79,2.4
1377,North Dakota,1999,1.48,0.15,0.78,2.41
1378,North Dakota,1998,1.45,0.13,0.76,2.35
1379,North Dakota,1997,1.4,0.13,0.77,2.3
1380,North Dakota,1996,1.4,0.13,0.77,2.3
1381,North Dakota,1995,1.36,0.16,0.77,2.28
1382,North Dakota,1994,1.39,0.15,0.78,2.32
1383,North Dakota,1993,1.37,0.15,0.84,2.36
1384,North Dakota,1992,1.38,0.15,0.85,2.39
1385,North Dakota,1991,1.43,0.16,0.86,2.44
1386,North Dakota,1990,1.47,0.17,0.93,2.56
1387,North Dakota,1989,1.41,0.17,0.86,2.44
1388,North Dakota,1988,1.41,0.19,0.88,2.48
1389,North Dakota,1987,1.37,0.21,0.89,2.47
1390,North Dakota,1986,1.34,0.22,0.87,2.44
1391,North Dakota,1985,1.34,0.19,0.96,2.5
1392,North Dakota,1984,1.41,0.17,0.99,2.56
1393,North Dakota,1983,1.49,0.17,1.05,2.71
1394,North Dakota,1982,1.52,0.18,1.09,2.79
1395,North Dakota,1981,1.53,0.18,1.14,2.85
1396,North Dakota,1980,1.52,0.17,1.13,2.82
1397,North Dakota,1979,1.46,0.16,1.1,2.72
1398,North Dakota,1978,1.45,0.16,1.15,2.76
1399,North Dakota,1977,1.35,0.15,1.12,2.62
1400,Ohio,2016,1.15,0.31,0.58,2.04
1401,Ohio,2015,1.17,0.3,0.56,2.03
1402,Ohio,2014,1.19,0.3,0.54,2.03
1403,Ohio,2013,1.22,0.3,0.53,2.04
1404,Ohio,2012,1.23,0.29,0.51,2.03
1405,Ohio,2011,1.24,0.28,0.49,2.02
1406,Ohio,2010,1.29,0.25,0.48,2.02
1407,Ohio,2009,1.3,0.27,0.47,2.03
1408,Ohio,2008,1.33,0.26,0.46,2.05
1409,Ohio,2007,1.34,0.25,0.45,2.04
1410,Ohio,2006,1.33,0.24,0.44,2.01
1411,Ohio,2005,1.34,0.23,0.43,2.0
1412,Ohio,2004,1.34,0.22,0.42,1.97
1413,Ohio,2003,1.34,0.22,0.4,1.95
1414,Ohio,2002,1.35,0.21,0.39,1.95
1415,Ohio,2001,1.34,0.21,0.39,1.93
1416,Ohio,2000,1.32,0.21,0.38,1.91
1417,Ohio,1999,1.32,0.2,0.37,1.9
1418,Ohio,1998,1.3,0.19,0.44,1.94
1419,Ohio,1997,1.28,0.19,0.43,1.89
1420,Ohio,1996,1.36,0.18,0.43,1.97
1421,Ohio,1995,1.29,0.17,0.43,1.89
1422,Ohio,1994,1.31,0.16,0.37,1.85
1423,Ohio,1993,1.29,0.16,0.5,1.95
1424,Ohio,1992,1.32,0.17,0.5,1.98
1425,Ohio,1991,1.33,0.18,0.51,2.03
1426,Ohio,1990,1.34,0.22,0.53,2.09
1427,Ohio,1989,1.36,0.22,0.51,2.09
1428,Ohio,1988,1.35,0.24,0.55,2.13
1429,Ohio,1987,1.35,0.24,0.59,2.18
1430,Ohio,1986,1.32,0.25,0.6,2.18
1431,Ohio,1985,1.37,0.25,0.59,2.21
1432,Ohio,1984,1.41,0.25,0.61,2.27
1433,Ohio,1983,1.36,0.22,0.65,2.23
1434,Ohio,1982,1.4,0.22,0.66,2.28
1435,Ohio,1981,1.35,0.22,0.68,2.25
1436,Ohio,1980,1.39,0.21,0.72,2.33
1437,Ohio,1979,1.35,0.19,0.7,2.25
1438,Ohio,1978,1.19,0.2,0.7,2.08
1439,Ohio,1977,1.16,0.18,0.7,2.03
1440,Oklahoma,2016,1.05,0.2,0.63,1.88
1441,Oklahoma,2015,1.07,0.19,0.62,1.89
1442,Oklahoma,2014,1.09,0.19,0.63,1.91
1443,Oklahoma,2013,1.11,0.19,0.62,1.93
1444,Oklahoma,2012,1.14,0.19,0.61,1.94
1445,Oklahoma,2011,1.14,0.19,0.59,1.92
1446,Oklahoma,2010,1.16,0.18,0.58,1.92
1447,Oklahoma,2009,1.17,0.18,0.58,1.93
1448,Oklahoma,2008,1.22,0.18,0.58,1.97
1449,Oklahoma,2007,1.17,0.17,0.57,1.91
1450,Oklahoma,2006,1.13,0.17,0.56,1.87
1451,Oklahoma,2005,1.09,0.16,0.55,1.8
1452,Oklahoma,2004,1.11,0.13,0.46,1.7
1453,Oklahoma,2003,1.06,0.13,0.74,1.93
1454,Oklahoma,2002,1.12,0.13,0.58,1.82
1455,Oklahoma,2001,1.11,0.12,0.43,1.65
1456,Oklahoma,2000,1.12,0.12,0.44,1.69
1457,Oklahoma,1999,1.11,0.12,0.44,1.68
1458,Oklahoma,1998,1.12,0.12,0.43,1.68
1459,Oklahoma,1997,1.1,0.12,0.43,1.65
1460,Oklahoma,1996,1.09,0.12,0.45,1.66
1461,Oklahoma,1995,1.1,0.12,0.44,1.66
1462,Oklahoma,1994,1.15,0.13,0.5,1.78
1463,Oklahoma,1993,1.11,0.11,0.48,1.7
1464,Oklahoma,1992,1.13,0.13,0.55,1.81
1465,Oklahoma,1991,1.09,0.13,0.54,1.76
1466,Oklahoma,1990,1.12,0.14,0.55,1.81
1467,Oklahoma,1989,1.08,0.14,0.54,1.75
1468,Oklahoma,1988,1.07,0.14,0.52,1.73
1469,Oklahoma,1987,1.06,0.15,0.58,1.79
1470,Oklahoma,1986,1.06,0.15,0.62,1.84
1471,Oklahoma,1985,1.05,0.15,0.68,1.88
1472,Oklahoma,1984,1.0,0.16,0.74,1.91
1473,Oklahoma,1983,1.04,0.16,0.77,1.97
1474,Oklahoma,1982,1.15,0.16,0.82,2.14
1475,Oklahoma,1981,1.14,0.16,0.83,2.13
1476,Oklahoma,1980,1.07,0.16,0.71,1.94
1477,Oklahoma,1979,1.03,0.13,0.78,1.94
1478,Oklahoma,1978,1.05,0.14,0.8,2.0
1479,Oklahoma,1977,1.04,0.13,0.77,1.95
1480,Oregon,2016,1.24,0.6,0.91,2.75
1481,Oregon,2015,1.23,0.58,0.9,2.71
1482,Oregon,2014,1.23,0.57,0.9,2.7
1483,Oregon,2013,1.2,0.57,0.89,2.66
1484,Oregon,2012,1.21,0.57,0.89,2.66
1485,Oregon,2011,1.18,0.56,0.85,2.59
1486,Oregon,2010,1.19,0.49,0.83,2.51
1487,Oregon,2009,1.28,0.49,0.82,2.59
1488,Oregon,2008,1.22,0.49,0.83,2.54
1489,Oregon,2007,1.35,0.5,0.81,2.65
1490,Oregon,2006,1.32,0.49,0.78,2.59
1491,Oregon,2005,1.16,0.5,0.75,2.4
1492,Oregon,2004,1.23,0.49,0.72,2.44
1493,Oregon,2003,1.2,0.47,0.69,2.36
1494,Oregon,2002,1.22,0.46,0.66,2.34
1495,Oregon,2001,1.22,0.43,0.65,2.3
1496,Oregon,2000,1.2,0.44,0.64,2.28
1497,Oregon,1999,1.21,0.43,0.63,2.27
1498,Oregon,1998,1.2,0.43,0.61,2.25
1499,Oregon,1997,1.19,0.44,0.6,2.24
1500,Oregon,1996,1.23,0.44,0.61,2.27
1501,Oregon,1995,1.21,0.42,0.59,2.23
1502,Oregon,1994,1.23,0.37,0.62,2.21
1503,Oregon,1993,1.24,0.43,0.64,2.31
1504,Oregon,1992,1.29,0.46,0.67,2.41
1505,Oregon,1991,1.28,0.44,0.67,2.38
1506,Oregon,1990,1.32,0.47,0.73,2.51
1507,Oregon,1989,1.28,0.47,0.7,2.46
1508,Oregon,1988,1.29,0.52,0.72,2.52
1509,Oregon,1987,1.28,0.53,0.73,2.54
1510,Oregon,1986,1.28,0.55,0.74,2.57
1511,Oregon,1985,1.25,0.55,0.77,2.58
1512,Oregon,1984,1.28,0.53,0.82,2.63
1513,Oregon,1983,1.32,0.53,0.85,2.7
1514,Oregon,1982,1.32,0.52,0.88,2.72
1515,Oregon,1981,1.37,0.5,0.92,2.79
1516,Oregon,1980,1.36,0.5,0.94,2.81
1517,Oregon,1979,1.36,0.47,0.94,2.77
1518,Oregon,1978,1.32,0.46,0.96,2.74
1519,Oregon,1977,1.3,0.45,0.94,2.7
1520,Pennsylvania,2016,1.31,0.33,0.72,2.36
1521,Pennsylvania,2015,1.31,0.32,0.7,2.33
1522,Pennsylvania,2014,1.32,0.32,0.7,2.34
1523,Pennsylvania,2013,1.34,0.31,0.68,2.33
1524,Pennsylvania,2012,1.36,0.31,0.67,2.34
1525,Pennsylvania,2011,1.37,0.3,0.66,2.33
1526,Pennsylvania,2010,1.37,0.29,0.64,2.3
1527,Pennsylvania,2009,1.37,0.28,0.63,2.27
1528,Pennsylvania,2008,1.36,0.26,0.61,2.23
1529,Pennsylvania,2007,1.35,0.25,0.58,2.18
1530,Pennsylvania,2006,1.32,0.23,0.55,2.1
1531,Pennsylvania,2005,1.32,0.23,0.55,2.11
1532,Pennsylvania,2004,1.3,0.23,0.53,2.06
1533,Pennsylvania,2003,1.31,0.22,0.51,2.04
1534,Pennsylvania,2002,1.35,0.21,0.49,2.06
1535,Pennsylvania,2001,1.33,0.2,0.48,2.02
1536,Pennsylvania,2000,1.29,0.2,0.47,1.96
1537,Pennsylvania,1999,1.27,0.2,0.46,1.92
1538,Pennsylvania,1998,1.21,0.18,0.45,1.85
1539,Pennsylvania,1997,1.32,0.18,0.45,1.95
1540,Pennsylvania,1996,1.26,0.17,0.45,1.88
1541,Pennsylvania,1995,1.26,0.17,0.45,1.88
1542,Pennsylvania,1994,1.28,0.18,0.47,1.93
1543,Pennsylvania,1993,1.31,0.17,0.48,1.96
1544,Pennsylvania,1992,1.3,0.18,0.51,1.99
1545,Pennsylvania,1991,1.36,0.17,0.52,2.05
1546,Pennsylvania,1990,1.42,0.18,0.55,2.15
1547,Pennsylvania,1989,1.38,0.18,0.57,2.13
1548,Pennsylvania,1988,1.41,0.19,0.54,2.14
1549,Pennsylvania,1987,1.4,0.2,0.62,2.22
1550,Pennsylvania,1986,1.4,0.21,0.64,2.25
1551,Pennsylvania,1985,1.38,0.21,0.65,2.23
1552,Pennsylvania,1984,1.38,0.21,0.67,2.26
1553,Pennsylvania,1983,1.41,0.22,0.67,2.31
1554,Pennsylvania,1982,1.44,0.23,0.7,2.37
1555,Pennsylvania,1981,1.42,0.23,0.72,2.38
1556,Pennsylvania,1980,1.45,0.22,0.71,2.39
1557,Pennsylvania,1979,1.4,0.22,0.72,2.34
1558,Pennsylvania,1978,1.35,0.21,0.73,2.3
1559,Pennsylvania,1977,1.34,0.2,0.74,2.27
1560,Rhode Island,2016,0.94,0.58,1.05,2.57
1561,Rhode Island,2015,0.96,0.57,0.99,2.52
1562,Rhode Island,2014,1.02,0.51,0.86,2.39
1563,Rhode Island,2013,1.0,0.58,0.98,2.56
1564,Rhode Island,2012,1.03,0.59,0.97,2.58
1565,Rhode Island,2011,1.04,0.58,0.94,2.55
1566,Rhode Island,2010,1.07,0.56,0.92,2.55
1567,Rhode Island,2009,1.07,0.55,0.85,2.47
1568,Rhode Island,2008,1.09,0.52,0.84,2.46
1569,Rhode Island,2007,1.1,0.53,0.82,2.45
1570,Rhode Island,2006,1.07,0.51,0.83,2.41
1571,Rhode Island,2005,0.98,0.49,0.82,2.29
1572,Rhode Island,2004,1.13,0.5,0.8,2.42
1573,Rhode Island,2003,1.13,0.51,0.8,2.45
1574,Rhode Island,2002,1.17,0.48,0.74,2.4
1575,Rhode Island,2001,1.19,0.46,0.7,2.36
1576,Rhode Island,2000,1.16,0.46,0.7,2.31
1577,Rhode Island,1999,1.14,0.45,0.69,2.28
1578,Rhode Island,1998,1.14,0.47,0.63,2.24
1579,Rhode Island,1997,1.22,0.44,0.64,2.3
1580,Rhode Island,1996,1.16,0.42,0.66,2.24
1581,Rhode Island,1995,1.18,0.38,0.63,2.19
1582,Rhode Island,1994,1.23,0.38,0.66,2.27
1583,Rhode Island,1993,1.22,0.36,0.69,2.27
1584,Rhode Island,1992,1.24,0.39,0.7,2.33
1585,Rhode Island,1991,1.33,0.37,0.71,2.41
1586,Rhode Island,1990,1.31,0.44,0.79,2.54
1587,Rhode Island,1989,1.35,0.46,0.86,2.67
1588,Rhode Island,1988,1.38,0.49,0.96,2.82
1589,Rhode Island,1987,1.39,0.51,0.93,2.83
1590,Rhode Island,1986,1.4,0.53,0.92,2.85
1591,Rhode Island,1985,1.4,0.51,1.03,2.93
1592,Rhode Island,1984,1.37,0.52,1.03,2.92
1593,Rhode Island,1983,1.48,0.5,1.06,3.04
1594,Rhode Island,1982,1.34,0.55,1.04,2.94
1595,Rhode Island,1981,1.36,0.53,1.04,2.92
1596,Rhode Island,1980,1.46,0.53,1.13,3.13
1597,Rhode Island,1979,1.42,0.49,1.08,2.98
1598,Rhode Island,1978,1.37,0.48,1.13,2.98
1599,Rhode Island,1977,1.35,0.42,1.09,2.86
1600,South Carolina,2016,1.18,0.25,0.79,2.22
1601,South Carolina,2015,1.21,0.25,0.79,2.25
1602,South Carolina,2014,1.23,0.25,0.8,2.28
1603,South Carolina,2013,1.26,0.25,0.8,2.31
1604,South Carolina,2012,1.28,0.25,0.79,2.32
1605,South Carolina,2011,1.29,0.25,0.78,2.31
1606,South Carolina,2010,1.31,0.24,0.76,2.31
1607,South Carolina,2009,1.35,0.24,0.76,2.34
1608,South Carolina,2008,1.39,0.24,0.76,2.4
1609,South Carolina,2007,1.42,0.24,0.76,2.42
1610,South Carolina,2006,1.45,0.24,0.76,2.45
1611,South Carolina,2005,1.43,0.24,0.75,2.42
1612,South Carolina,2004,1.39,0.24,0.76,2.38
1613,South Carolina,2003,1.38,0.23,0.74,2.35
1614,South Carolina,2002,1.4,0.22,0.67,2.3
1615,South Carolina,2001,1.4,0.22,0.65,2.27
1616,South Carolina,2000,1.49,0.22,0.72,2.43
1617,South Carolina,1999,1.48,0.22,0.72,2.41
1618,South Carolina,1998,1.44,0.21,0.72,2.37
1619,South Carolina,1997,1.48,0.2,0.71,2.4
1620,South Carolina,1996,1.38,0.21,0.71,2.3
1621,South Carolina,1995,1.33,0.19,0.68,2.2
1622,South Carolina,1994,1.38,0.17,0.74,2.29
1623,South Carolina,1993,1.36,0.2,0.75,2.3
1624,South Carolina,1992,1.34,0.2,0.79,2.33
1625,South Carolina,1991,1.34,0.22,0.84,2.41
1626,South Carolina,1990,1.44,0.25,0.92,2.61
1627,South Carolina,1989,1.39,0.24,0.86,2.49
1628,South Carolina,1988,1.38,0.26,0.9,2.54
1629,South Carolina,1987,1.35,0.27,0.89,2.52
1630,South Carolina,1986,1.31,0.27,0.93,2.52
1631,South Carolina,1985,1.28,0.25,1.0,2.53
1632,South Carolina,1984,1.27,0.24,1.01,2.52
1633,South Carolina,1983,1.27,0.2,1.02,2.49
1634,South Carolina,1982,1.23,0.2,0.99,2.43
1635,South Carolina,1981,1.24,0.19,1.04,2.48
1636,South Carolina,1980,1.22,0.18,1.06,2.45
1637,South Carolina,1979,1.18,0.16,1.12,2.45
1638,South Carolina,1978,1.14,0.17,1.15,2.45
1639,South Carolina,1977,1.12,0.16,1.09,2.37
1640,South Dakota,2016,1.46,0.31,1.1,2.87
1641,South Dakota,2015,1.48,0.29,1.02,2.79
1642,South Dakota,2014,1.5,0.25,0.99,2.74
1643,South Dakota,2013,1.52,0.28,1.02,2.81
1644,South Dakota,2012,1.53,0.26,0.96,2.76
1645,South Dakota,2011,1.51,0.28,0.97,2.77
1646,South Dakota,2010,1.53,0.24,0.92,2.69
1647,South Dakota,2009,1.54,0.22,0.89,2.65
1648,South Dakota,2008,1.57,0.22,0.87,2.66
1649,South Dakota,2007,1.52,0.22,0.87,2.61
1650,South Dakota,2006,1.51,0.19,0.79,2.5
1651,South Dakota,2005,1.5,0.19,0.83,2.52
1652,South Dakota,2004,1.51,0.18,0.76,2.45
1653,South Dakota,2003,1.52,0.16,0.74,2.41
1654,South Dakota,2002,1.51,0.15,0.67,2.34
1655,South Dakota,2001,1.49,0.15,0.71,2.35
1656,South Dakota,2000,1.46,0.15,0.69,2.3
1657,South Dakota,1999,1.43,0.14,0.7,2.27
1658,South Dakota,1998,1.41,0.13,0.68,2.23
1659,South Dakota,1997,1.33,0.13,0.69,2.15
1660,South Dakota,1996,1.33,0.13,0.68,2.15
1661,South Dakota,1995,1.35,0.12,0.73,2.21
1662,South Dakota,1994,1.38,0.12,0.73,2.24
1663,South Dakota,1993,1.35,0.12,0.73,2.2
1664,South Dakota,1992,1.37,0.15,0.74,2.26
1665,South Dakota,1991,1.37,0.15,0.76,2.27
1666,South Dakota,1990,1.36,0.18,0.8,2.34
1667,South Dakota,1989,1.3,0.15,0.72,2.17
1668,South Dakota,1988,1.25,0.16,0.79,2.21
1669,South Dakota,1987,1.27,0.2,0.81,2.28
1670,South Dakota,1986,1.26,0.2,0.83,2.29
1671,South Dakota,1985,1.23,0.18,0.95,2.35
1672,South Dakota,1984,1.28,0.17,0.9,2.35
1673,South Dakota,1983,1.31,0.17,0.96,2.44
1674,South Dakota,1982,1.29,0.18,0.97,2.44
1675,South Dakota,1981,1.31,0.19,1.04,2.54
1676,South Dakota,1980,1.3,0.18,1.07,2.56
1677,South Dakota,1979,1.23,0.17,1.04,2.44
1678,South Dakota,1978,1.2,0.17,1.05,2.42
1679,South Dakota,1977,1.16,0.17,1.07,2.39
1680,Tennessee,2016,1.02,0.33,0.79,2.14
1681,Tennessee,2015,1.03,0.27,0.76,2.06
1682,Tennessee,2014,1.04,0.25,0.73,2.02
1683,Tennessee,2013,1.05,0.25,0.7,2.0
1684,Tennessee,2012,1.07,0.25,0.68,2.0
1685,Tennessee,2011,1.13,0.24,0.66,2.04
1686,Tennessee,2010,1.04,0.22,0.61,1.88
1687,Tennessee,2009,1.05,0.21,0.57,1.83
1688,Tennessee,2008,1.1,0.2,0.57,1.87
1689,Tennessee,2007,1.13,0.2,0.56,1.9
1690,Tennessee,2006,1.14,0.19,0.56,1.89
1691,Tennessee,2005,1.19,0.19,0.55,1.92
1692,Tennessee,2004,1.22,0.18,0.53,1.93
1693,Tennessee,2003,1.27,0.18,0.52,1.96
1694,Tennessee,2002,1.17,0.17,0.51,1.86
1695,Tennessee,2001,1.15,0.16,0.5,1.81
1696,Tennessee,2000,1.19,0.16,0.51,1.85
1697,Tennessee,1999,1.19,0.15,0.49,1.83
1698,Tennessee,1998,1.19,0.15,0.5,1.84
1699,Tennessee,1997,1.14,0.15,0.5,1.8
1700,Tennessee,1996,1.14,0.15,0.51,1.8
1701,Tennessee,1995,1.17,0.15,0.51,1.83
1702,Tennessee,1994,1.18,0.15,0.53,1.86
1703,Tennessee,1993,1.2,0.14,0.54,1.87
1704,Tennessee,1992,1.21,0.14,0.56,1.9
1705,Tennessee,1991,1.19,0.13,0.54,1.87
1706,Tennessee,1990,1.22,0.14,0.6,1.96
1707,Tennessee,1989,1.2,0.14,0.6,1.93
1708,Tennessee,1988,1.22,0.15,0.61,1.97
1709,Tennessee,1987,1.19,0.15,0.63,1.97
1710,Tennessee,1986,1.18,0.16,0.63,1.98
1711,Tennessee,1985,1.12,0.16,0.68,1.97
1712,Tennessee,1984,1.11,0.15,0.7,1.97
1713,Tennessee,1983,1.11,0.14,0.7,1.95
1714,Tennessee,1982,1.13,0.14,0.7,1.97
1715,Tennessee,1981,1.14,0.13,0.71,1.98
1716,Tennessee,1980,1.1,0.12,0.69,1.91
1717,Tennessee,1979,1.1,0.11,0.7,1.91
1718,Tennessee,1978,1.12,0.1,0.7,1.93
1719,Tennessee,1977,1.07,0.1,0.69,1.86
1720,Texas,2016,1.3,0.34,0.69,2.34
1721,Texas,2015,1.28,0.33,0.67,2.29
1722,Texas,2014,1.25,0.33,0.65,2.24
1723,Texas,2013,1.3,0.32,0.63,2.25
1724,Texas,2012,1.33,0.32,0.63,2.28
1725,Texas,2011,1.35,0.31,0.61,2.27
1726,Texas,2010,1.35,0.29,0.59,2.23
1727,Texas,2009,1.41,0.28,0.58,2.26
1728,Texas,2008,1.43,0.27,0.58,2.28
1729,Texas,2007,1.41,0.27,0.56,2.24
1730,Texas,2006,1.43,0.26,0.55,2.24
1731,Texas,2005,1.43,0.25,0.53,2.2
1732,Texas,2004,1.45,0.24,0.52,2.21
1733,Texas,2003,1.46,0.23,0.51,2.19
1734,Texas,2002,1.49,0.22,0.5,2.21
1735,Texas,2001,1.51,0.21,0.49,2.21
1736,Texas,2000,1.53,0.22,0.5,2.25
1737,Texas,1999,1.54,0.2,0.49,2.23
1738,Texas,1998,1.52,0.2,0.5,2.21
1739,Texas,1997,1.56,0.19,0.47,2.22
1740,Texas,1996,1.57,0.2,0.49,2.26
1741,Texas,1995,1.58,0.19,0.5,2.27
1742,Texas,1994,1.6,0.2,0.51,2.31
1743,Texas,1993,1.6,0.2,0.53,2.33
1744,Texas,1992,1.65,0.24,0.55,2.45
1745,Texas,1991,1.6,0.25,0.55,2.4
1746,Texas,1990,1.64,0.26,0.58,2.47
1747,Texas,1989,1.62,0.27,0.58,2.46
1748,Texas,1988,1.61,0.28,0.59,2.47
1749,Texas,1987,1.62,0.29,0.61,2.52
1750,Texas,1986,1.67,0.31,0.65,2.63
1751,Texas,1985,1.68,0.3,0.73,2.71
1752,Texas,1984,1.73,0.28,0.79,2.8
1753,Texas,1983,1.72,0.27,0.79,2.78
1754,Texas,1982,1.83,0.18,0.84,2.84
1755,Texas,1981,1.84,0.24,0.85,2.94
1756,Texas,1980,1.75,0.22,0.8,2.77
1757,Texas,1979,1.7,0.14,0.84,2.68
1758,Texas,1978,1.64,0.14,0.82,2.6
1759,Texas,1977,1.59,0.14,0.78,2.51
1760,Utah,2016,0.63,0.19,0.52,1.34
1761,Utah,2015,0.65,0.2,0.54,1.39
1762,Utah,2014,0.66,0.19,0.52,1.37
1763,Utah,2013,0.67,0.19,0.51,1.36
1764,Utah,2012,0.69,0.19,0.5,1.37
1765,Utah,2011,0.68,0.18,0.49,1.36
1766,Utah,2010,0.7,0.18,0.47,1.35
1767,Utah,2009,0.72,0.17,0.47,1.36
1768,Utah,2008,0.76,0.17,0.47,1.41
1769,Utah,2007,0.77,0.16,0.44,1.38
1770,Utah,2006,0.73,0.16,0.44,1.33
1771,Utah,2005,0.7,0.16,0.41,1.27
1772,Utah,2004,0.76,0.15,0.39,1.3
1773,Utah,2003,0.76,0.14,0.39,1.3
1774,Utah,2002,0.77,0.14,0.39,1.3
1775,Utah,2001,0.77,0.14,0.39,1.3
1776,Utah,2000,0.75,0.14,0.4,1.29
1777,Utah,1999,0.74,0.13,0.38,1.25
1778,Utah,1998,0.77,0.13,0.37,1.27
1779,Utah,1997,0.75,0.13,0.39,1.27
1780,Utah,1996,0.73,0.13,0.37,1.23
1781,Utah,1995,0.71,0.11,0.37,1.19
1782,Utah,1994,0.76,0.09,0.38,1.24
1783,Utah,1993,0.78,0.11,0.39,1.28
1784,Utah,1992,0.79,0.12,0.42,1.33
1785,Utah,1991,0.8,0.12,0.43,1.34
1786,Utah,1990,0.8,0.12,0.46,1.39
1787,Utah,1989,0.81,0.13,0.47,1.41
1788,Utah,1988,0.82,0.14,0.48,1.45
1789,Utah,1987,0.84,0.15,0.49,1.49
1790,Utah,1986,0.88,0.16,0.52,1.57
1791,Utah,1985,0.89,0.15,0.53,1.57
1792,Utah,1984,0.89,0.14,0.52,1.55
1793,Utah,1983,0.89,0.14,0.51,1.54
1794,Utah,1982,1.01,0.15,0.55,1.7
1795,Utah,1981,1.02,0.15,0.59,1.75
1796,Utah,1980,0.96,0.14,0.6,1.7
1797,Utah,1979,0.94,0.15,0.59,1.68
1798,Utah,1978,0.93,0.14,0.59,1.66
1799,Utah,1977,0.94,0.13,0.57,1.64
1800,Vermont,2016,1.56,0.79,0.73,3.08
1801,Vermont,2015,1.57,0.78,0.73,3.07
1802,Vermont,2014,1.55,0.78,0.72,3.05
1803,Vermont,2013,1.54,0.74,0.72,3.0
1804,Vermont,2012,1.51,0.7,0.71,2.92
1805,Vermont,2011,1.46,0.68,0.71,2.85
1806,Vermont,2010,1.44,0.64,0.71,2.8
1807,Vermont,2009,1.43,0.64,0.7,2.77
1808,Vermont,2008,1.45,0.63,0.71,2.79
1809,Vermont,2007,1.46,0.62,0.7,2.78
1810,Vermont,2006,1.45,0.6,0.69,2.73
1811,Vermont,2005,1.44,0.57,0.68,2.69
1812,Vermont,2004,1.34,0.55,0.66,2.56
1813,Vermont,2003,1.34,0.52,0.65,2.51
1814,Vermont,2002,1.34,0.51,0.63,2.48
1815,Vermont,2001,1.34,0.48,0.63,2.45
1816,Vermont,2000,1.32,0.49,0.63,2.43
1817,Vermont,1999,1.32,0.48,0.62,2.42
1818,Vermont,1998,1.31,0.46,0.62,2.39
1819,Vermont,1997,1.29,0.45,0.63,2.37
1820,Vermont,1996,1.35,0.43,0.64,2.42
1821,Vermont,1995,1.28,0.41,0.66,2.35
1822,Vermont,1994,1.34,0.42,0.74,2.5
1823,Vermont,1993,1.34,0.44,0.74,2.52
1824,Vermont,1992,1.35,0.44,0.78,2.57
1825,Vermont,1991,1.41,0.46,0.82,2.69
1826,Vermont,1990,1.47,0.48,0.85,2.8
1827,Vermont,1989,1.49,0.53,0.89,2.91
1828,Vermont,1988,1.54,0.57,0.95,3.05
1829,Vermont,1987,1.58,0.59,1.0,3.18
1830,Vermont,1986,1.57,0.6,1.06,3.22
1831,Vermont,1985,1.51,0.56,1.1,3.17
1832,Vermont,1984,1.49,0.49,1.16,3.15
1833,Vermont,1983,1.53,0.5,1.2,3.23
1834,Vermont,1982,1.48,0.5,1.24,3.22
1835,Vermont,1981,1.49,0.5,1.34,3.32
1836,Vermont,1980,1.43,0.48,1.38,3.29
1837,Vermont,1979,1.53,0.46,1.47,3.46
1838,Vermont,1978,1.5,0.46,1.56,3.52
1839,Vermont,1977,1.4,0.44,1.55,3.38
1840,Virginia,2016,1.0,0.49,0.66,2.14
1841,Virginia,2015,1.0,0.48,0.65,2.13
1842,Virginia,2014,1.01,0.47,0.63,2.11
1843,Virginia,2013,1.02,0.46,0.62,2.1
1844,Virginia,2012,1.04,0.46,0.62,2.12
1845,Virginia,2011,1.05,0.46,0.61,2.12
1846,Virginia,2010,1.08,0.44,0.6,2.12
1847,Virginia,2009,1.1,0.42,0.58,2.11
1848,Virginia,2008,1.12,0.42,0.58,2.12
1849,Virginia,2007,1.13,0.41,0.57,2.1
1850,Virginia,2006,1.13,0.39,0.56,2.08
1851,Virginia,2005,1.13,0.38,0.54,2.05
1852,Virginia,2004,1.14,0.37,0.53,2.04
1853,Virginia,2003,1.14,0.36,0.52,2.02
1854,Virginia,2002,1.15,0.34,0.51,2.0
1855,Virginia,2001,1.15,0.32,0.5,1.97
1856,Virginia,2000,1.16,0.31,0.49,1.97
1857,Virginia,1999,1.18,0.32,0.48,1.97
1858,Virginia,1998,1.17,0.3,0.47,1.95
1859,Virginia,1997,1.11,0.29,0.48,1.88
1860,Virginia,1996,1.12,0.3,0.49,1.91
1861,Virginia,1995,1.15,0.29,0.5,1.94
1862,Virginia,1994,1.2,0.27,0.51,1.99
1863,Virginia,1993,1.24,0.27,0.54,2.05
1864,Virginia,1992,1.25,0.28,0.57,2.1
1865,Virginia,1991,1.2,0.28,0.58,2.06
1866,Virginia,1990,1.25,0.3,0.62,2.18
1867,Virginia,1989,1.23,0.31,0.65,2.18
1868,Virginia,1988,1.31,0.25,0.67,2.24
1869,Virginia,1987,1.39,0.25,0.7,2.35
1870,Virginia,1986,1.52,0.27,0.73,2.52
1871,Virginia,1985,1.45,0.3,0.79,2.54
1872,Virginia,1984,1.46,0.29,0.8,2.55
1873,Virginia,1983,1.47,0.27,0.82,2.56
1874,Virginia,1982,1.46,0.27,0.86,2.59
1875,Virginia,1981,1.23,0.27,0.89,2.39
1876,Virginia,1980,1.23,0.25,0.9,2.38
1877,Virginia,1979,1.21,0.25,0.9,2.36
1878,Virginia,1978,1.2,0.21,0.89,2.3
1879,Virginia,1977,1.17,0.21,0.89,2.27
1880,Washington,2016,0.96,0.52,0.78,2.26
1881,Washington,2015,0.97,0.53,0.77,2.26
1882,Washington,2014,0.97,0.53,0.76,2.26
1883,Washington,2013,0.95,0.53,0.76,2.24
1884,Washington,2012,0.96,0.53,0.76,2.25
1885,Washington,2011,0.97,0.54,0.75,2.25
1886,Washington,2010,1.01,0.52,0.73,2.25
1887,Washington,2009,1.1,0.51,0.74,2.34
1888,Washington,2008,1.11,0.5,0.75,2.37
1889,Washington,2007,1.14,0.5,0.74,2.38
1890,Washington,2006,1.08,0.48,0.72,2.28
1891,Washington,2005,1.11,0.55,0.68,2.34
1892,Washington,2004,1.11,0.53,0.66,2.3
1893,Washington,2003,1.07,0.47,0.68,2.21
1894,Washington,2002,1.09,0.43,0.66,2.17
1895,Washington,2001,1.09,0.4,0.65,2.15
1896,Washington,2000,1.11,0.41,0.66,2.18
1897,Washington,1999,1.11,0.4,0.63,2.14
1898,Washington,1998,1.12,0.39,0.63,2.14
1899,Washington,1997,1.09,0.42,0.63,2.15
1900,Washington,1996,1.09,0.4,0.63,2.12
1901,Washington,1995,1.17,0.4,0.63,2.2
1902,Washington,1994,1.18,0.39,0.65,2.23
1903,Washington,1993,1.19,0.39,0.69,2.27
1904,Washington,1992,1.26,0.46,0.72,2.44
1905,Washington,1991,1.23,0.43,0.73,2.39
1906,Washington,1990,1.27,0.46,0.76,2.49
1907,Washington,1989,1.25,0.47,0.76,2.47
1908,Washington,1988,1.23,0.5,0.77,2.51
1909,Washington,1987,1.24,0.56,0.79,2.59
1910,Washington,1986,1.23,0.61,0.82,2.66
1911,Washington,1985,1.21,0.59,0.87,2.67
1912,Washington,1984,1.23,0.57,0.91,2.7
1913,Washington,1983,1.29,0.54,0.94,2.76
1914,Washington,1982,1.32,0.52,0.98,2.83
1915,Washington,1981,1.38,0.54,1.04,2.96
1916,Washington,1980,1.51,0.51,1.08,3.1
1917,Washington,1979,1.39,0.47,1.08,2.94
1918,Washington,1978,1.36,0.47,1.07,2.91
1919,Washington,1977,1.34,0.45,1.06,2.85
1920,West Virginia,2016,1.19,0.11,0.46,1.76
1921,West Virginia,2015,1.21,0.11,0.47,1.78
1922,West Virginia,2014,1.21,0.1,0.47,1.78
1923,West Virginia,2013,1.24,0.1,0.46,1.8
1924,West Virginia,2012,1.24,0.1,0.47,1.8
1925,West Virginia,2011,1.22,0.1,0.46,1.78
1926,West Virginia,2010,1.23,0.1,0.44,1.78
1927,West Virginia,2009,1.23,0.1,0.44,1.77
1928,West Virginia,2008,1.25,0.1,0.43,1.79
1929,West Virginia,2007,1.23,0.1,0.42,1.75
1930,West Virginia,2006,1.21,0.1,0.41,1.72
1931,West Virginia,2005,1.23,0.1,0.4,1.73
1932,West Virginia,2004,1.25,0.1,0.39,1.75
1933,West Virginia,2003,1.23,0.1,0.38,1.72
1934,West Virginia,2002,1.26,0.1,0.38,1.74
1935,West Virginia,2001,1.25,0.1,0.37,1.72
1936,West Virginia,2000,1.24,0.1,0.36,1.7
1937,West Virginia,1999,1.22,0.1,0.37,1.69
1938,West Virginia,1998,1.18,0.09,0.36,1.64
1939,West Virginia,1997,1.12,0.09,0.37,1.58
1940,West Virginia,1996,1.12,0.09,0.37,1.58
1941,West Virginia,1995,1.12,0.08,0.38,1.58
1942,West Virginia,1994,1.17,0.08,0.39,1.64
1943,West Virginia,1993,1.18,0.08,0.4,1.67
1944,West Virginia,1992,1.16,0.09,0.41,1.66
1945,West Virginia,1991,1.18,0.09,0.43,1.7
1946,West Virginia,1990,1.2,0.1,0.42,1.72
1947,West Virginia,1989,1.15,0.11,0.39,1.65
1948,West Virginia,1988,1.15,0.12,0.41,1.68
1949,West Virginia,1987,1.13,0.13,0.41,1.68
1950,West Virginia,1986,1.12,0.13,0.42,1.67
1951,West Virginia,1985,1.13,0.13,0.42,1.69
1952,West Virginia,1984,1.13,0.12,0.45,1.7
1953,West Virginia,1983,1.14,0.13,0.49,1.76
1954,West Virginia,1982,1.11,0.14,0.55,1.8
1955,West Virginia,1981,1.05,0.14,0.65,1.85
1956,West Virginia,1980,1.0,0.09,0.72,1.81
1957,West Virginia,1979,0.94,0.09,0.75,1.77
1958,West Virginia,1978,0.93,0.09,0.76,1.78
1959,West Virginia,1977,0.95,0.09,0.76,1.8
1960,Wisconsin,2016,1.36,0.4,1.22,2.98
1961,Wisconsin,2015,1.39,0.39,1.2,2.98
1962,Wisconsin,2014,1.41,0.38,1.18,2.97
1963,Wisconsin,2013,1.45,0.38,1.17,2.99
1964,Wisconsin,2012,1.46,0.37,1.18,3.02
1965,Wisconsin,2011,1.46,0.37,1.16,2.98
1966,Wisconsin,2010,1.49,0.32,1.13,2.94
1967,Wisconsin,2009,1.49,0.31,1.16,2.96
1968,Wisconsin,2008,1.55,0.34,1.13,3.01
1969,Wisconsin,2007,1.56,0.33,1.11,3.0
1970,Wisconsin,2006,1.58,0.32,1.09,2.99
1971,Wisconsin,2005,1.58,0.31,1.07,2.95
1972,Wisconsin,2004,1.53,0.3,1.02,2.85
1973,Wisconsin,2003,1.53,0.29,1.0,2.82
1974,Wisconsin,2002,1.56,0.28,0.98,2.82
1975,Wisconsin,2001,1.54,0.26,0.95,2.75
1976,Wisconsin,2000,1.53,0.27,0.95,2.76
1977,Wisconsin,1999,1.53,0.26,0.92,2.72
1978,Wisconsin,1998,1.58,0.26,0.9,2.74
1979,Wisconsin,1997,1.57,0.25,0.89,2.71
1980,Wisconsin,1996,1.53,0.24,0.88,2.65
1981,Wisconsin,1995,1.64,0.23,0.87,2.73
1982,Wisconsin,1994,1.58,0.22,0.91,2.72
1983,Wisconsin,1993,1.59,0.22,0.89,2.71
1984,Wisconsin,1992,1.59,0.25,0.9,2.74
1985,Wisconsin,1991,1.65,0.27,0.84,2.76
1986,Wisconsin,1990,1.74,0.31,1.03,3.07
1987,Wisconsin,1989,1.72,0.31,0.96,2.99
1988,Wisconsin,1988,1.76,0.33,0.95,3.05
1989,Wisconsin,1987,1.8,0.36,0.98,3.14
1990,Wisconsin,1986,1.88,0.34,0.96,3.18
1991,Wisconsin,1985,1.83,0.32,1.06,3.2
1992,Wisconsin,1984,1.87,0.31,1.03,3.21
1993,Wisconsin,1983,1.94,0.34,1.07,3.35
1994,Wisconsin,1982,1.95,0.3,1.05,3.3
1995,Wisconsin,1981,1.96,0.32,1.21,3.48
1996,Wisconsin,1980,1.95,0.31,1.19,3.45
1997,Wisconsin,1979,1.92,0.28,1.19,3.39
1998,Wisconsin,1978,1.83,0.28,1.2,3.31
1999,Wisconsin,1977,1.81,0.27,1.28,3.37
2000,Wyoming,2016,1.18,0.32,1.17,2.67
2001,Wyoming,2015,1.24,0.31,1.18,2.74
2002,Wyoming,2014,1.25,0.31,1.16,2.72
2003,Wyoming,2013,1.24,0.29,1.13,2.67
2004,Wyoming,2012,1.32,0.28,1.13,2.73
2005,Wyoming,2011,1.29,0.27,1.1,2.66
2006,Wyoming,2010,1.33,0.27,1.06,2.66
2007,Wyoming,2009,1.4,0.27,1.06,2.73
2008,Wyoming,2008,1.5,0.27,1.09,2.87
2009,Wyoming,2007,1.46,0.27,1.07,2.8
2010,Wyoming,2006,1.44,0.26,1.03,2.72
2011,Wyoming,2005,1.2,0.25,0.96,2.41
2012,Wyoming,2004,1.42,0.24,0.92,2.58
2013,Wyoming,2003,1.7,0.23,0.9,2.84
2014,Wyoming,2002,1.46,0.23,0.88,2.57
2015,Wyoming,2001,1.44,0.22,0.88,2.53
2016,Wyoming,2000,1.42,0.22,0.86,2.5
2017,Wyoming,1999,1.41,0.22,0.84,2.47
2018,Wyoming,1998,1.37,0.17,0.81,2.36
2019,Wyoming,1997,1.41,0.17,0.81,2.4
2020,Wyoming,1996,1.35,0.17,0.81,2.33
2021,Wyoming,1995,1.34,0.16,0.8,2.29
2022,Wyoming,1994,1.42,0.18,0.83,2.43
2023,Wyoming,1993,1.4,0.19,0.86,2.45
2024,Wyoming,1992,1.44,0.2,0.91,2.56
2025,Wyoming,1991,1.45,0.2,0.9,2.56
2026,Wyoming,1990,1.48,0.22,0.93,2.63
2027,Wyoming,1989,1.41,0.23,0.86,2.5
2028,Wyoming,1988,1.45,0.24,0.87,2.56
2029,Wyoming,1987,1.51,0.25,0.9,2.66
2030,Wyoming,1986,1.51,0.27,0.96,2.73
2031,Wyoming,1985,1.59,0.25,1.05,2.89
2032,Wyoming,1984,1.61,0.23,1.06,2.89
2033,Wyoming,1983,1.68,0.22,1.11,3.01
2034,Wyoming,1982,1.78,0.24,1.2,3.22
2035,Wyoming,1981,1.91,0.24,1.27,3.43
2036,Wyoming,1980,1.85,0.24,1.32,3.41
2037,Wyoming,1979,1.86,0.22,1.3,3.39
2038,Wyoming,1978,1.81,0.22,1.35,3.38
2039,Wyoming,1977,1.78,0.2,1.31,3.29
2040,Northeast region,2016,1.03,0.52,0.86,2.42
2041,Northeast region,2015,1.03,0.51,0.84,2.39
2042,Northeast region,2014,1.03,0.53,0.84,2.39
2043,Northeast region,2013,1.05,0.52,0.83,2.4
2044,Northeast region,2012,1.06,0.51,0.82,2.39
2045,Northeast region,2011,1.05,0.5,0.8,2.36
2046,Northeast region,2010,1.06,0.49,0.78,2.33
2047,Northeast region,2009,1.07,0.48,0.77,2.31
2048,Northeast region,2008,1.09,0.47,0.76,2.31
2049,Northeast region,2007,1.09,0.47,0.75,2.31
2050,Northeast region,2006,1.07,0.45,0.73,2.25
2051,Northeast region,2005,1.07,0.44,0.72,2.22
2052,Northeast region,2004,1.07,0.43,0.7,2.2
2053,Northeast region,2003,1.08,0.41,0.68,2.17
2054,Northeast region,2002,1.1,0.4,0.66,2.16
2055,Northeast region,2001,1.1,0.38,0.64,2.13
2056,Northeast region,2000,1.08,0.38,0.66,2.12
2057,Northeast region,1999,1.07,0.38,0.63,2.08
2058,Northeast region,1998,1.07,0.37,0.61,2.05
2059,Northeast region,1997,1.07,0.36,0.63,2.06
2060,Northeast region,1996,1.07,0.36,0.64,2.06
2061,Northeast region,1995,1.11,0.35,0.64,2.11
2062,Northeast region,1994,1.11,0.34,0.67,2.12
2063,Northeast region,1993,1.13,0.34,0.68,2.15
2064,Northeast region,1992,1.14,0.35,0.72,2.21
2065,Northeast region,1991,1.19,0.34,0.73,2.26
2066,Northeast region,1990,1.23,0.38,0.8,2.41
2067,Northeast region,1989,1.22,0.39,0.84,2.44
2068,Northeast region,1988,1.25,0.4,0.86,2.51
2069,Northeast region,1987,1.25,0.43,0.91,2.59
2070,Northeast region,1986,1.24,0.44,0.93,2.62
2071,Northeast region,1985,1.25,0.43,0.98,2.66
2072,Northeast region,1984,1.25,0.43,1.01,2.7
2073,Northeast region,1983,1.31,0.43,1.03,2.76
2074,Northeast region,1982,1.31,0.43,1.06,2.8
2075,Northeast region,1981,1.31,0.42,1.07,2.8
2076,Northeast region,1980,1.33,0.4,1.09,2.83
2077,Northeast region,1979,1.29,0.38,1.09,2.76
2078,Northeast region,1978,1.26,0.36,1.1,2.73
2079,Northeast region,1977,1.25,0.34,1.1,2.69
2080,Midwest region,2016,1.14,0.35,0.87,2.37
2081,Midwest region,2015,1.15,0.35,0.86,2.36
2082,Midwest region,2014,1.16,0.34,0.84,2.35
2083,Midwest region,2013,1.17,0.34,0.83,2.34
2084,Midwest region,2012,1.2,0.33,0.82,2.35
2085,Midwest region,2011,1.2,0.32,0.79,2.31
2086,Midwest region,2010,1.23,0.3,0.77,2.3
2087,Midwest region,2009,1.25,0.3,0.76,2.32
2088,Midwest region,2008,1.27,0.29,0.76,2.33
2089,Midwest region,2007,1.28,0.3,0.74,2.32
2090,Midwest region,2006,1.27,0.28,0.72,2.27
2091,Midwest region,2005,1.27,0.27,0.71,2.25
2092,Midwest region,2004,1.28,0.26,0.68,2.22
2093,Midwest region,2003,1.28,0.26,0.68,2.23
2094,Midwest region,2002,1.3,0.25,0.64,2.19
2095,Midwest region,2001,1.29,0.23,0.65,2.17
2096,Midwest region,2000,1.29,0.24,0.63,2.16
2097,Midwest region,1999,1.29,0.24,0.63,2.15
2098,Midwest region,1998,1.28,0.23,0.63,2.14
2099,Midwest region,1997,1.26,0.23,0.62,2.11
2100,Midwest region,1996,1.28,0.23,0.62,2.12
2101,Midwest region,1995,1.29,0.22,0.62,2.12
2102,Midwest region,1994,1.3,0.22,0.63,2.14
2103,Midwest region,1993,1.3,0.22,0.67,2.18
2104,Midwest region,1992,1.31,0.23,0.68,2.21
2105,Midwest region,1991,1.35,0.23,0.67,2.25
2106,Midwest region,1990,1.38,0.26,0.74,2.37
2107,Midwest region,1989,1.36,0.26,0.72,2.35
2108,Midwest region,1988,1.38,0.29,0.75,2.41
2109,Midwest region,1987,1.38,0.3,0.77,2.45
2110,Midwest region,1986,1.38,0.3,0.78,2.46
2111,Midwest region,1985,1.37,0.28,0.84,2.49
2112,Midwest region,1984,1.4,0.27,0.84,2.52
2113,Midwest region,1983,1.42,0.25,0.87,2.54
2114,Midwest region,1982,1.42,0.27,0.88,2.57
2115,Midwest region,1981,1.42,0.26,0.93,2.61
2116,Midwest region,1980,1.42,0.24,0.96,2.63
2117,Midwest region,1979,1.4,0.23,0.95,2.58
2118,Midwest region,1978,1.35,0.22,0.95,2.52
2119,Midwest region,1977,1.32,0.21,0.96,2.49
2120,South region,2016,1.11,0.37,0.79,2.27
2121,South region,2015,1.12,0.36,0.77,2.24
2122,South region,2014,1.11,0.35,0.75,2.22
2123,South region,2013,1.16,0.34,0.74,2.24
2124,South region,2012,1.18,0.34,0.73,2.25
2125,South region,2011,1.16,0.33,0.71,2.21
2126,South region,2010,1.17,0.32,0.7,2.19
2127,South region,2009,1.21,0.31,0.69,2.21
2128,South region,2008,1.24,0.31,0.68,2.23
2129,South region,2007,1.26,0.31,0.68,2.24
2130,South region,2006,1.27,0.3,0.67,2.23
2131,South region,2005,1.26,0.29,0.65,2.2
2132,South region,2004,1.27,0.29,0.64,2.19
2133,South region,2003,1.27,0.27,0.64,2.18
2134,South region,2002,1.28,0.26,0.62,2.16
2135,South region,2001,1.29,0.25,0.6,2.14
2136,South region,2000,1.3,0.25,0.61,2.17
2137,South region,1999,1.3,0.25,0.6,2.15
2138,South region,1998,1.3,0.24,0.6,2.13
2139,South region,1997,1.3,0.23,0.6,2.13
2140,South region,1996,1.3,0.23,0.61,2.15
2141,South region,1995,1.29,0.22,0.61,2.12
2142,South region,1994,1.31,0.22,0.64,2.16
2143,South region,1993,1.33,0.22,0.66,2.2
2144,South region,1992,1.33,0.23,0.69,2.26
2145,South region,1991,1.31,0.23,0.69,2.23
2146,South region,1990,1.36,0.26,0.74,2.36
2147,South region,1989,1.33,0.26,0.74,2.33
2148,South region,1988,1.34,0.27,0.74,2.35
2149,South region,1987,1.34,0.27,0.77,2.39
2150,South region,1986,1.36,0.28,0.79,2.43
2151,South region,1985,1.34,0.27,0.86,2.47
2152,South region,1984,1.34,0.27,0.9,2.51
2153,South region,1983,1.36,0.25,0.91,2.52
2154,South region,1982,1.37,0.23,0.94,2.54
2155,South region,1981,1.36,0.24,0.98,2.58
2156,South region,1980,1.3,0.23,0.97,2.5
2157,South region,1979,1.27,0.2,0.99,2.46
2158,South region,1978,1.25,0.19,1.0,2.44
2159,South region,1977,1.21,0.19,0.98,2.37
2160,West region,2016,1.03,0.55,0.84,2.42
2161,West region,2015,1.05,0.52,0.82,2.38
2162,West region,2014,1.06,0.55,0.8,2.41
2163,West region,2013,1.04,0.55,0.81,2.41
2164,West region,2012,1.05,0.57,0.81,2.42
2165,West region,2011,1.04,0.54,0.78,2.36
2166,West region,2010,1.06,0.48,0.76,2.31
2167,West region,2009,1.11,0.52,0.76,2.38
2168,West region,2008,1.15,0.51,0.76,2.42
2169,West region,2007,1.17,0.49,0.76,2.42
2170,West region,2006,1.13,0.51,0.76,2.4
2171,West region,2005,1.14,0.5,0.73,2.36
2172,West region,2004,1.17,0.48,0.71,2.35
2173,West region,2003,1.17,0.46,0.69,2.32
2174,West region,2002,1.18,0.44,0.68,2.3
2175,West region,2001,1.19,0.43,0.68,2.3
2176,West region,2000,1.21,0.43,0.68,2.32
2177,West region,1999,1.2,0.43,0.65,2.29
2178,West region,1998,1.19,0.43,0.64,2.26
2179,West region,1997,1.2,0.44,0.65,2.3
2180,West region,1996,1.22,0.43,0.67,2.32
2181,West region,1995,1.23,0.4,0.66,2.29
2182,West region,1994,1.2,0.41,0.7,2.31
2183,West region,1993,1.26,0.42,0.72,2.39
2184,West region,1992,1.33,0.45,0.76,2.54
2185,West region,1991,1.3,0.44,0.76,2.5
2186,West region,1990,1.37,0.5,0.84,2.71
2187,West region,1989,1.35,0.51,0.84,2.69
2188,West region,1988,1.36,0.56,0.86,2.79
2189,West region,1987,1.38,0.62,0.89,2.89
2190,West region,1986,1.39,0.65,0.92,2.96
2191,West region,1985,1.37,0.65,0.99,3.01
2192,West region,1984,1.4,0.61,1.03,3.04
2193,West region,1983,1.42,0.61,1.07,3.1
2194,West region,1982,1.44,0.59,1.1,3.13
2195,West region,1981,1.49,0.6,1.16,3.24
2196,West region,1980,1.47,0.59,1.19,3.24
2197,West region,1979,1.45,0.56,1.2,3.22
2198,West region,1978,1.39,0.55,1.23,3.18
2199,West region,1977,1.35,0.53,1.2,3.08
2200,U.S. total,2016,1.08,0.44,0.83,2.35
2201,U.S. total,2015,1.09,0.42,0.81,2.33
2202,U.S. total,2014,1.1,0.43,0.8,2.32
2203,U.S. total,2013,1.12,0.42,0.79,2.33
2204,U.S. total,2012,1.13,0.42,0.78,2.34
2205,U.S. total,2011,1.12,0.41,0.76,2.29
2206,U.S. total,2010,1.14,0.38,0.74,2.26
2207,U.S. total,2009,1.17,0.39,0.73,2.29
2208,U.S. total,2008,1.2,0.38,0.73,2.31
2209,U.S. total,2007,1.21,0.38,0.72,2.31
2210,U.S. total,2006,1.2,0.37,0.71,2.28
2211,U.S. total,2005,1.2,0.36,0.7,2.25
2212,U.S. total,2004,1.21,0.35,0.68,2.24
2213,U.S. total,2003,1.21,0.34,0.67,2.22
2214,U.S. total,2002,1.23,0.33,0.64,2.2
2215,U.S. total,2001,1.23,0.31,0.64,2.18
2216,U.S. total,2000,1.23,0.31,0.64,2.19
2217,U.S. total,1999,1.23,0.31,0.63,2.17
2218,U.S. total,1998,1.22,0.3,0.62,2.15
2219,U.S. total,1997,1.22,0.3,0.62,2.15
2220,U.S. total,1996,1.23,0.3,0.63,2.16
2221,U.S. total,1995,1.24,0.29,0.63,2.15
2222,U.S. total,1994,1.25,0.28,0.65,2.18
2223,U.S. total,1993,1.26,0.28,0.68,2.23
2224,U.S. total,1992,1.29,0.3,0.71,2.3
2225,U.S. total,1991,1.29,0.3,0.71,2.3
2226,U.S. total,1990,1.34,0.33,0.77,2.45
2227,U.S. total,1989,1.32,0.34,0.78,2.43
2228,U.S. total,1988,1.33,0.36,0.79,2.49
2229,U.S. total,1987,1.34,0.38,0.83,2.55
2230,U.S. total,1986,1.35,0.39,0.84,2.58
2231,U.S. total,1985,1.33,0.38,0.91,2.62
2232,U.S. total,1984,1.35,0.37,0.94,2.65
2233,U.S. total,1983,1.37,0.36,0.96,2.69
2234,U.S. total,1982,1.38,0.36,0.98,2.72
2235,U.S. total,1981,1.39,0.35,1.02,2.76
2236,U.S. total,1980,1.37,0.34,1.04,2.75
2237,U.S. total,1979,1.34,0.31,1.04,2.7
2238,U.S. total,1978,1.3,0.3,1.05,2.66
2239,U.S. total,1977,1.27,0.29,1.04,2.6
